Modalidade;Transportadora;Cep Inicial;Cep Final;UF;    Frete    ;Prazo;     Peso Inicial     ;        Peso Final        ;  GRIS  ;ADVALOREM;ICMS;Taxa Peso Extra;Fator Cubagem;Origem
16;35;01000000;01099999;SP; 7,30 ;2; 0,001 ; 0,250 ;0,003;0;0;0;0;3333
16;35;01100000;01199999;SP; 7,30 ;2; 0,001 ; 0,250 ;0,003;0;0;0;0;3333
16;35;01200000;01299999;SP; 7,30 ;2; 0,001 ; 0,250 ;0,003;0;0;0;0;3333
16;35;01300000;01399999;SP; 7,30 ;2; 0,001 ; 0,250 ;0,003;0;0;0;0;3333
16;35;01400000;01499999;SP; 7,30 ;2; 0,001 ; 0,250 ;0,003;0;0;0;0;3333
16;35;01500000;01599999;SP; 7,30 ;2; 0,001 ; 0,250 ;0,003;0;0;0;0;3333
16;35;02000000;02199999;SP; 7,30 ;2; 0,001 ; 0,250 ;0,003;0;0;0;0;3333
16;35;02200000;02281999;SP; 7,30 ;2; 0,001 ; 0,250 ;0,003;0;0;0;0;3333
16;35;02282000;02290030;SP; 7,30 ;2; 0,001 ; 0,250 ;0,003;0;0;0;0;3333
16;35;02300000;02318999;SP; 7,30 ;2; 0,001 ; 0,250 ;0,003;0;0;0;0;3333
16;35;02319000;02359999;SP; 7,30 ;2; 0,001 ; 0,250 ;0,003;0;0;0;0;3333
16;35;02360000;02399999;SP; 7,30 ;2; 0,001 ; 0,250 ;0,003;0;0;0;0;3333
16;35;02400000;02699999;SP; 7,30 ;2; 0,001 ; 0,250 ;0,003;0;0;0;0;3333
16;35;02700000;02799999;SP; 7,30 ;2; 0,001 ; 0,250 ;0,003;0;0;0;0;3333
16;35;02801000;02883160;SP; 7,30 ;2; 0,001 ; 0,250 ;0,003;0;0;0;0;3333
16;35;02901000;02952125;SP; 7,30 ;2; 0,001 ; 0,250 ;0,003;0;0;0;0;3333
16;35;02952130;02954999;SP; 7,30 ;2; 0,001 ; 0,250 ;0,003;0;0;0;0;3333
16;35;02955000;02979210;SP; 7,30 ;2; 0,001 ; 0,250 ;0,003;0;0;0;0;3333
16;35;02981000;02982999;SP; 7,30 ;2; 0,001 ; 0,250 ;0,003;0;0;0;0;3333
16;35;02983000;02989900;SP; 7,30 ;2; 0,001 ; 0,250 ;0,003;0;0;0;0;3333
16;35;02990000;02998369;SP; 7,30 ;2; 0,001 ; 0,250 ;0,003;0;0;0;0;3333
16;35;03000000;03199999;SP; 7,30 ;2; 0,001 ; 0,250 ;0,003;0;0;0;0;3333
16;35;03200000;03499999;SP; 7,30 ;2; 0,001 ; 0,250 ;0,003;0;0;0;0;3333
16;35;03500000;03799999;SP; 7,30 ;2; 0,001 ; 0,250 ;0,003;0;0;0;0;3333
16;35;03800000;03999999;SP; 7,30 ;2; 0,001 ; 0,250 ;0,003;0;0;0;0;3333
16;35;04000000;04099999;SP; 7,30 ;2; 0,001 ; 0,250 ;0,003;0;0;0;0;3333
16;35;04100000;04199999;SP; 7,30 ;2; 0,001 ; 0,250 ;0,003;0;0;0;0;3333
16;35;04200000;04229999;SP; 7,30 ;2; 0,001 ; 0,250 ;0,003;0;0;0;0;3333
16;35;04230000;04245999;SP; 7,30 ;2; 0,001 ; 0,250 ;0,003;0;0;0;0;3333
16;35;04246000;04299999;SP; 7,30 ;2; 0,001 ; 0,250 ;0,003;0;0;0;0;3333
16;35;04300000;04335999;SP; 7,30 ;2; 0,001 ; 0,250 ;0,003;0;0;0;0;3333
16;35;04336000;04337999;SP; 7,30 ;2; 0,001 ; 0,250 ;0,003;0;0;0;0;3333
16;35;04338000;04385999;SP; 7,30 ;2; 0,001 ; 0,250 ;0,003;0;0;0;0;3333
16;35;04386000;04387360;SP; 7,30 ;2; 0,001 ; 0,250 ;0,003;0;0;0;0;3333
16;35;04400000;04499999;SP; 7,30 ;2; 0,001 ; 0,250 ;0,003;0;0;0;0;3333
16;35;04500000;04599990;SP; 7,30 ;2; 0,001 ; 0,250 ;0,003;0;0;0;0;3333
16;35;04600000;04699999;SP; 7,30 ;2; 0,001 ; 0,250 ;0,003;0;0;0;0;3333
16;35;04700000;04799999;SP; 7,30 ;2; 0,001 ; 0,250 ;0,003;0;0;0;0;3333
16;35;04801000;04865065;SP; 7,30 ;2; 0,001 ; 0,250 ;0,003;0;0;0;0;3333
16;35;04900000;04948999;SP; 7,30 ;2; 0,001 ; 0,250 ;0,003;0;0;0;0;3333
16;35;05000000;05099999;SP; 7,30 ;2; 0,001 ; 0,250 ;0,003;0;0;0;0;3333
16;35;05100000;05179999;SP; 7,30 ;2; 0,001 ; 0,250 ;0,003;0;0;0;0;3333
16;35;05180000;05187949;SP; 7,30 ;2; 0,001 ; 0,250 ;0,003;0;0;0;0;3333
16;35;05200000;05203999;SP; 7,30 ;2; 0,001 ; 0,250 ;0,003;0;0;0;0;3333
16;35;05211000;05275010;SP; 7,30 ;2; 0,001 ; 0,250 ;0,003;0;0;0;0;3333
16;35;05275030;05283260;SP; 7,30 ;2; 0,001 ; 0,250 ;0,003;0;0;0;0;3333
16;35;05300000;05399999;SP; 7,30 ;2; 0,001 ; 0,250 ;0,003;0;0;0;0;3333
16;35;05400000;05499999;SP; 7,30 ;2; 0,001 ; 0,250 ;0,003;0;0;0;0;3333
16;35;05500000;05580999;SP; 7,30 ;2; 0,001 ; 0,250 ;0,003;0;0;0;0;3333
16;35;05581000;05599999;SP; 7,30 ;2; 0,001 ; 0,250 ;0,003;0;0;0;0;3333
16;35;05600000;05699999;SP; 7,30 ;2; 0,001 ; 0,250 ;0,003;0;0;0;0;3333
16;35;05700000;05770999;SP; 7,30 ;2; 0,001 ; 0,250 ;0,003;0;0;0;0;3333
16;35;05771000;05790450;SP; 7,30 ;2; 0,001 ; 0,250 ;0,003;0;0;0;0;3333
16;35;05792000;05798350;SP; 7,30 ;2; 0,001 ; 0,250 ;0,003;0;0;0;0;3333
16;35;05800000;05894460;SP; 7,30 ;2; 0,001 ; 0,250 ;0,003;0;0;0;0;3333
16;35;06000000;06298970;SP; 7,30 ;2; 0,001 ; 0,250 ;0,003;0;0;0;0;3333
16;35;06300000;06397670;SP; 7,30 ;2; 0,001 ; 0,250 ;0,003;0;0;0;0;3333
16;35;06400000;06485370;SP; 7,30 ;2; 0,001 ; 0,250 ;0,003;0;0;0;0;3333
16;35;06500000;06544900;SP; 7,30 ;2; 0,001 ; 0,250 ;0,003;0;0;0;0;3333
16;35;06700000;06722560;SP; 7,30 ;2; 0,001 ; 0,250 ;0,003;0;0;0;0;3333
16;35;06750001;06795070;SP; 7,30 ;2; 0,001 ; 0,250 ;0,003;0;0;0;0;3333
16;35;06800001;06846835;SP; 7,30 ;2; 0,001 ; 0,250 ;0,003;0;0;0;0;3333
16;35;07000000;07099999;SP; 7,30 ;2; 0,001 ; 0,250 ;0,003;0;0;0;0;3333
16;35;07100000;07274040;SP; 7,30 ;2; 0,001 ; 0,250 ;0,003;0;0;0;0;3333
16;35;07400000;07443030;SP; 7,30 ;2; 0,001 ; 0,250 ;0,003;0;0;0;0;3333
16;35;07700000;07794440;SP; 7,30 ;2; 0,001 ; 0,250 ;0,003;0;0;0;0;3333
16;35;08000000;08191400;SP; 7,30 ;2; 0,001 ; 0,250 ;0,003;0;0;0;0;3333
16;35;08200000;08380000;SP; 7,30 ;2; 0,001 ; 0,250 ;0,003;0;0;0;0;3333
16;35;08410000;08491030;SP; 7,30 ;2; 0,001 ; 0,250 ;0,003;0;0;0;0;3333
16;35;08500000;08545280;SP; 7,30 ;2; 0,001 ; 0,250 ;0,003;0;0;0;0;3333
16;35;08550010;08599840;SP; 7,30 ;2; 0,001 ; 0,250 ;0,003;0;0;0;0;3333
16;35;08600000;08696805;SP; 7,30 ;2; 0,001 ; 0,250 ;0,003;0;0;0;0;3333
16;35;08710000;08747050;SP; 7,30 ;2; 0,001 ; 0,250 ;0,003;0;0;0;0;3333
16;35;09000000;09099999;SP; 7,30 ;2; 0,001 ; 0,250 ;0,003;0;0;0;0;3333
16;35;09100000;09133200;SP; 7,30 ;2; 0,001 ; 0,250 ;0,003;0;0;0;0;3333
16;35;09152010;09152150;SP; 7,30 ;2; 0,001 ; 0,250 ;0,003;0;0;0;0;3333
16;35;09161210;09161380;SP; 7,30 ;2; 0,001 ; 0,250 ;0,003;0;0;0;0;3333
16;35;09162010;09162030;SP; 7,30 ;2; 0,001 ; 0,250 ;0,003;0;0;0;0;3333
16;35;09162060;09162090;SP; 7,30 ;2; 0,001 ; 0,250 ;0,003;0;0;0;0;3333
16;35;09162300;09162320;SP; 7,30 ;2; 0,001 ; 0,250 ;0,003;0;0;0;0;3333
16;35;09170000;09195780;SP; 7,30 ;2; 0,001 ; 0,250 ;0,003;0;0;0;0;3333
16;35;09210000;09291280;SP; 7,30 ;2; 0,001 ; 0,250 ;0,003;0;0;0;0;3333
16;35;09310000;09392300;SP; 7,30 ;2; 0,001 ; 0,250 ;0,003;0;0;0;0;3333
16;35;09400000;09414650;SP; 7,30 ;2; 0,001 ; 0,250 ;0,003;0;0;0;0;3333
16;35;09416000;09445760;SP; 7,30 ;2; 0,001 ; 0,250 ;0,003;0;0;0;0;3333
16;35;09510000;09599999;SP; 7,30 ;2; 0,001 ; 0,250 ;0,003;0;0;0;0;3333
16;35;09600000;09699999;SP; 7,30 ;2; 0,001 ; 0,250 ;0,003;0;0;0;0;3333
16;35;09700000;09793080;SP; 7,30 ;2; 0,001 ; 0,250 ;0,003;0;0;0;0;3333
16;35;09810000;09830970;SP; 7,30 ;2; 0,001 ; 0,250 ;0,003;0;0;0;0;3333
16;35;09831700;09832460;SP; 7,30 ;2; 0,001 ; 0,250 ;0,003;0;0;0;0;3333
16;35;09840000;09896530;SP; 7,30 ;2; 0,001 ; 0,250 ;0,003;0;0;0;0;3333
16;35;09910000;09993335;SP; 7,30 ;2; 0,001 ; 0,250 ;0,003;0;0;0;0;3333
16;35;01000000;01099999;SP; 7,50 ;2; 0,251 ; 0,500 ;0,003;0;0;0;0;3333
16;35;01100000;01199999;SP; 7,50 ;2; 0,251 ; 0,500 ;0,003;0;0;0;0;3333
16;35;01200000;01299999;SP; 7,50 ;2; 0,251 ; 0,500 ;0,003;0;0;0;0;3333
16;35;01300000;01399999;SP; 7,50 ;2; 0,251 ; 0,500 ;0,003;0;0;0;0;3333
16;35;01400000;01499999;SP; 7,50 ;2; 0,251 ; 0,500 ;0,003;0;0;0;0;3333
16;35;01500000;01599999;SP; 7,50 ;2; 0,251 ; 0,500 ;0,003;0;0;0;0;3333
16;35;02000000;02199999;SP; 7,50 ;2; 0,251 ; 0,500 ;0,003;0;0;0;0;3333
16;35;02200000;02281999;SP; 7,50 ;2; 0,251 ; 0,500 ;0,003;0;0;0;0;3333
16;35;02282000;02290030;SP; 7,50 ;2; 0,251 ; 0,500 ;0,003;0;0;0;0;3333
16;35;02300000;02318999;SP; 7,50 ;2; 0,251 ; 0,500 ;0,003;0;0;0;0;3333
16;35;02319000;02359999;SP; 7,50 ;2; 0,251 ; 0,500 ;0,003;0;0;0;0;3333
16;35;02360000;02399999;SP; 7,50 ;2; 0,251 ; 0,500 ;0,003;0;0;0;0;3333
16;35;02400000;02699999;SP; 7,50 ;2; 0,251 ; 0,500 ;0,003;0;0;0;0;3333
16;35;02700000;02799999;SP; 7,50 ;2; 0,251 ; 0,500 ;0,003;0;0;0;0;3333
16;35;02801000;02883160;SP; 7,50 ;2; 0,251 ; 0,500 ;0,003;0;0;0;0;3333
16;35;02901000;02952125;SP; 7,50 ;2; 0,251 ; 0,500 ;0,003;0;0;0;0;3333
16;35;02952130;02954999;SP; 7,50 ;2; 0,251 ; 0,500 ;0,003;0;0;0;0;3333
16;35;02955000;02979210;SP; 7,50 ;2; 0,251 ; 0,500 ;0,003;0;0;0;0;3333
16;35;02981000;02982999;SP; 7,50 ;2; 0,251 ; 0,500 ;0,003;0;0;0;0;3333
16;35;02983000;02989900;SP; 7,50 ;2; 0,251 ; 0,500 ;0,003;0;0;0;0;3333
16;35;02990000;02998369;SP; 7,50 ;2; 0,251 ; 0,500 ;0,003;0;0;0;0;3333
16;35;03000000;03199999;SP; 7,50 ;2; 0,251 ; 0,500 ;0,003;0;0;0;0;3333
16;35;03200000;03499999;SP; 7,50 ;2; 0,251 ; 0,500 ;0,003;0;0;0;0;3333
16;35;03500000;03799999;SP; 7,50 ;2; 0,251 ; 0,500 ;0,003;0;0;0;0;3333
16;35;03800000;03999999;SP; 7,50 ;2; 0,251 ; 0,500 ;0,003;0;0;0;0;3333
16;35;04000000;04099999;SP; 7,50 ;2; 0,251 ; 0,500 ;0,003;0;0;0;0;3333
16;35;04100000;04199999;SP; 7,50 ;2; 0,251 ; 0,500 ;0,003;0;0;0;0;3333
16;35;04200000;04229999;SP; 7,50 ;2; 0,251 ; 0,500 ;0,003;0;0;0;0;3333
16;35;04230000;04245999;SP; 7,50 ;2; 0,251 ; 0,500 ;0,003;0;0;0;0;3333
16;35;04246000;04299999;SP; 7,50 ;2; 0,251 ; 0,500 ;0,003;0;0;0;0;3333
16;35;04300000;04335999;SP; 7,50 ;2; 0,251 ; 0,500 ;0,003;0;0;0;0;3333
16;35;04336000;04337999;SP; 7,50 ;2; 0,251 ; 0,500 ;0,003;0;0;0;0;3333
16;35;04338000;04385999;SP; 7,50 ;2; 0,251 ; 0,500 ;0,003;0;0;0;0;3333
16;35;04386000;04387360;SP; 7,50 ;2; 0,251 ; 0,500 ;0,003;0;0;0;0;3333
16;35;04400000;04499999;SP; 7,50 ;2; 0,251 ; 0,500 ;0,003;0;0;0;0;3333
16;35;04500000;04599990;SP; 7,50 ;2; 0,251 ; 0,500 ;0,003;0;0;0;0;3333
16;35;04600000;04699999;SP; 7,50 ;2; 0,251 ; 0,500 ;0,003;0;0;0;0;3333
16;35;04700000;04799999;SP; 7,50 ;2; 0,251 ; 0,500 ;0,003;0;0;0;0;3333
16;35;04801000;04865065;SP; 7,50 ;2; 0,251 ; 0,500 ;0,003;0;0;0;0;3333
16;35;04900000;04948999;SP; 7,50 ;2; 0,251 ; 0,500 ;0,003;0;0;0;0;3333
16;35;05000000;05099999;SP; 7,50 ;2; 0,251 ; 0,500 ;0,003;0;0;0;0;3333
16;35;05100000;05179999;SP; 7,50 ;2; 0,251 ; 0,500 ;0,003;0;0;0;0;3333
16;35;05180000;05187949;SP; 7,50 ;2; 0,251 ; 0,500 ;0,003;0;0;0;0;3333
16;35;05200000;05203999;SP; 7,50 ;2; 0,251 ; 0,500 ;0,003;0;0;0;0;3333
16;35;05211000;05275010;SP; 7,50 ;2; 0,251 ; 0,500 ;0,003;0;0;0;0;3333
16;35;05275030;05283260;SP; 7,50 ;2; 0,251 ; 0,500 ;0,003;0;0;0;0;3333
16;35;05300000;05399999;SP; 7,50 ;2; 0,251 ; 0,500 ;0,003;0;0;0;0;3333
16;35;05400000;05499999;SP; 7,50 ;2; 0,251 ; 0,500 ;0,003;0;0;0;0;3333
16;35;05500000;05580999;SP; 7,50 ;2; 0,251 ; 0,500 ;0,003;0;0;0;0;3333
16;35;05581000;05599999;SP; 7,50 ;2; 0,251 ; 0,500 ;0,003;0;0;0;0;3333
16;35;05600000;05699999;SP; 7,50 ;2; 0,251 ; 0,500 ;0,003;0;0;0;0;3333
16;35;05700000;05770999;SP; 7,50 ;2; 0,251 ; 0,500 ;0,003;0;0;0;0;3333
16;35;05771000;05790450;SP; 7,50 ;2; 0,251 ; 0,500 ;0,003;0;0;0;0;3333
16;35;05792000;05798350;SP; 7,50 ;2; 0,251 ; 0,500 ;0,003;0;0;0;0;3333
16;35;05800000;05894460;SP; 7,50 ;2; 0,251 ; 0,500 ;0,003;0;0;0;0;3333
16;35;06000000;06298970;SP; 7,50 ;2; 0,251 ; 0,500 ;0,003;0;0;0;0;3333
16;35;06300000;06397670;SP; 7,50 ;2; 0,251 ; 0,500 ;0,003;0;0;0;0;3333
16;35;06400000;06485370;SP; 7,50 ;2; 0,251 ; 0,500 ;0,003;0;0;0;0;3333
16;35;06500000;06544900;SP; 7,50 ;2; 0,251 ; 0,500 ;0,003;0;0;0;0;3333
16;35;06700000;06722560;SP; 7,50 ;2; 0,251 ; 0,500 ;0,003;0;0;0;0;3333
16;35;06750001;06795070;SP; 7,50 ;2; 0,251 ; 0,500 ;0,003;0;0;0;0;3333
16;35;06800001;06846835;SP; 7,50 ;2; 0,251 ; 0,500 ;0,003;0;0;0;0;3333
16;35;07000000;07099999;SP; 7,50 ;2; 0,251 ; 0,500 ;0,003;0;0;0;0;3333
16;35;07100000;07274040;SP; 7,50 ;2; 0,251 ; 0,500 ;0,003;0;0;0;0;3333
16;35;07400000;07443030;SP; 7,50 ;2; 0,251 ; 0,500 ;0,003;0;0;0;0;3333
16;35;07700000;07794440;SP; 7,50 ;2; 0,251 ; 0,500 ;0,003;0;0;0;0;3333
16;35;08000000;08191400;SP; 7,50 ;2; 0,251 ; 0,500 ;0,003;0;0;0;0;3333
16;35;08200000;08380000;SP; 7,50 ;2; 0,251 ; 0,500 ;0,003;0;0;0;0;3333
16;35;08410000;08491030;SP; 7,50 ;2; 0,251 ; 0,500 ;0,003;0;0;0;0;3333
16;35;08500000;08545280;SP; 7,50 ;2; 0,251 ; 0,500 ;0,003;0;0;0;0;3333
16;35;08550010;08599840;SP; 7,50 ;2; 0,251 ; 0,500 ;0,003;0;0;0;0;3333
16;35;08600000;08696805;SP; 7,50 ;2; 0,251 ; 0,500 ;0,003;0;0;0;0;3333
16;35;08710000;08747050;SP; 7,50 ;2; 0,251 ; 0,500 ;0,003;0;0;0;0;3333
16;35;09000000;09099999;SP; 7,50 ;2; 0,251 ; 0,500 ;0,003;0;0;0;0;3333
16;35;09100000;09133200;SP; 7,50 ;2; 0,251 ; 0,500 ;0,003;0;0;0;0;3333
16;35;09152010;09152150;SP; 7,50 ;2; 0,251 ; 0,500 ;0,003;0;0;0;0;3333
16;35;09161210;09161380;SP; 7,50 ;2; 0,251 ; 0,500 ;0,003;0;0;0;0;3333
16;35;09162010;09162030;SP; 7,50 ;2; 0,251 ; 0,500 ;0,003;0;0;0;0;3333
16;35;09162060;09162090;SP; 7,50 ;2; 0,251 ; 0,500 ;0,003;0;0;0;0;3333
16;35;09162300;09162320;SP; 7,50 ;2; 0,251 ; 0,500 ;0,003;0;0;0;0;3333
16;35;09170000;09195780;SP; 7,50 ;2; 0,251 ; 0,500 ;0,003;0;0;0;0;3333
16;35;09210000;09291280;SP; 7,50 ;2; 0,251 ; 0,500 ;0,003;0;0;0;0;3333
16;35;09310000;09392300;SP; 7,50 ;2; 0,251 ; 0,500 ;0,003;0;0;0;0;3333
16;35;09400000;09414650;SP; 7,50 ;2; 0,251 ; 0,500 ;0,003;0;0;0;0;3333
16;35;09416000;09445760;SP; 7,50 ;2; 0,251 ; 0,500 ;0,003;0;0;0;0;3333
16;35;09510000;09599999;SP; 7,50 ;2; 0,251 ; 0,500 ;0,003;0;0;0;0;3333
16;35;09600000;09699999;SP; 7,50 ;2; 0,251 ; 0,500 ;0,003;0;0;0;0;3333
16;35;09700000;09793080;SP; 7,50 ;2; 0,251 ; 0,500 ;0,003;0;0;0;0;3333
16;35;09810000;09830970;SP; 7,50 ;2; 0,251 ; 0,500 ;0,003;0;0;0;0;3333
16;35;09831700;09832460;SP; 7,50 ;2; 0,251 ; 0,500 ;0,003;0;0;0;0;3333
16;35;09840000;09896530;SP; 7,50 ;2; 0,251 ; 0,500 ;0,003;0;0;0;0;3333
16;35;09910000;09993335;SP; 7,50 ;2; 0,251 ; 0,500 ;0,003;0;0;0;0;3333
16;35;01000000;01099999;SP; 7,60 ;2; 0,501 ; 1,000 ;0,003;0;0;0;0;3333
16;35;01100000;01199999;SP; 7,60 ;2; 0,501 ; 1,000 ;0,003;0;0;0;0;3333
16;35;01200000;01299999;SP; 7,60 ;2; 0,501 ; 1,000 ;0,003;0;0;0;0;3333
16;35;01300000;01399999;SP; 7,60 ;2; 0,501 ; 1,000 ;0,003;0;0;0;0;3333
16;35;01400000;01499999;SP; 7,60 ;2; 0,501 ; 1,000 ;0,003;0;0;0;0;3333
16;35;01500000;01599999;SP; 7,60 ;2; 0,501 ; 1,000 ;0,003;0;0;0;0;3333
16;35;02000000;02199999;SP; 7,60 ;2; 0,501 ; 1,000 ;0,003;0;0;0;0;3333
16;35;02200000;02281999;SP; 7,60 ;2; 0,501 ; 1,000 ;0,003;0;0;0;0;3333
16;35;02282000;02290030;SP; 7,60 ;2; 0,501 ; 1,000 ;0,003;0;0;0;0;3333
16;35;02300000;02318999;SP; 7,60 ;2; 0,501 ; 1,000 ;0,003;0;0;0;0;3333
16;35;02319000;02359999;SP; 7,60 ;2; 0,501 ; 1,000 ;0,003;0;0;0;0;3333
16;35;02360000;02399999;SP; 7,60 ;2; 0,501 ; 1,000 ;0,003;0;0;0;0;3333
16;35;02400000;02699999;SP; 7,60 ;2; 0,501 ; 1,000 ;0,003;0;0;0;0;3333
16;35;02700000;02799999;SP; 7,60 ;2; 0,501 ; 1,000 ;0,003;0;0;0;0;3333
16;35;02801000;02883160;SP; 7,60 ;2; 0,501 ; 1,000 ;0,003;0;0;0;0;3333
16;35;02901000;02952125;SP; 7,60 ;2; 0,501 ; 1,000 ;0,003;0;0;0;0;3333
16;35;02952130;02954999;SP; 7,60 ;2; 0,501 ; 1,000 ;0,003;0;0;0;0;3333
16;35;02955000;02979210;SP; 7,60 ;2; 0,501 ; 1,000 ;0,003;0;0;0;0;3333
16;35;02981000;02982999;SP; 7,60 ;2; 0,501 ; 1,000 ;0,003;0;0;0;0;3333
16;35;02983000;02989900;SP; 7,60 ;2; 0,501 ; 1,000 ;0,003;0;0;0;0;3333
16;35;02990000;02998369;SP; 7,60 ;2; 0,501 ; 1,000 ;0,003;0;0;0;0;3333
16;35;03000000;03199999;SP; 7,60 ;2; 0,501 ; 1,000 ;0,003;0;0;0;0;3333
16;35;03200000;03499999;SP; 7,60 ;2; 0,501 ; 1,000 ;0,003;0;0;0;0;3333
16;35;03500000;03799999;SP; 7,60 ;2; 0,501 ; 1,000 ;0,003;0;0;0;0;3333
16;35;03800000;03999999;SP; 7,60 ;2; 0,501 ; 1,000 ;0,003;0;0;0;0;3333
16;35;04000000;04099999;SP; 7,60 ;2; 0,501 ; 1,000 ;0,003;0;0;0;0;3333
16;35;04100000;04199999;SP; 7,60 ;2; 0,501 ; 1,000 ;0,003;0;0;0;0;3333
16;35;04200000;04229999;SP; 7,60 ;2; 0,501 ; 1,000 ;0,003;0;0;0;0;3333
16;35;04230000;04245999;SP; 7,60 ;2; 0,501 ; 1,000 ;0,003;0;0;0;0;3333
16;35;04246000;04299999;SP; 7,60 ;2; 0,501 ; 1,000 ;0,003;0;0;0;0;3333
16;35;04300000;04335999;SP; 7,60 ;2; 0,501 ; 1,000 ;0,003;0;0;0;0;3333
16;35;04336000;04337999;SP; 7,60 ;2; 0,501 ; 1,000 ;0,003;0;0;0;0;3333
16;35;04338000;04385999;SP; 7,60 ;2; 0,501 ; 1,000 ;0,003;0;0;0;0;3333
16;35;04386000;04387360;SP; 7,60 ;2; 0,501 ; 1,000 ;0,003;0;0;0;0;3333
16;35;04400000;04499999;SP; 7,60 ;2; 0,501 ; 1,000 ;0,003;0;0;0;0;3333
16;35;04500000;04599990;SP; 7,60 ;2; 0,501 ; 1,000 ;0,003;0;0;0;0;3333
16;35;04600000;04699999;SP; 7,60 ;2; 0,501 ; 1,000 ;0,003;0;0;0;0;3333
16;35;04700000;04799999;SP; 7,60 ;2; 0,501 ; 1,000 ;0,003;0;0;0;0;3333
16;35;04801000;04865065;SP; 7,60 ;2; 0,501 ; 1,000 ;0,003;0;0;0;0;3333
16;35;04900000;04948999;SP; 7,60 ;2; 0,501 ; 1,000 ;0,003;0;0;0;0;3333
16;35;05000000;05099999;SP; 7,60 ;2; 0,501 ; 1,000 ;0,003;0;0;0;0;3333
16;35;05100000;05179999;SP; 7,60 ;2; 0,501 ; 1,000 ;0,003;0;0;0;0;3333
16;35;05180000;05187949;SP; 7,60 ;2; 0,501 ; 1,000 ;0,003;0;0;0;0;3333
16;35;05200000;05203999;SP; 7,60 ;2; 0,501 ; 1,000 ;0,003;0;0;0;0;3333
16;35;05211000;05275010;SP; 7,60 ;2; 0,501 ; 1,000 ;0,003;0;0;0;0;3333
16;35;05275030;05283260;SP; 7,60 ;2; 0,501 ; 1,000 ;0,003;0;0;0;0;3333
16;35;05300000;05399999;SP; 7,60 ;2; 0,501 ; 1,000 ;0,003;0;0;0;0;3333
16;35;05400000;05499999;SP; 7,60 ;2; 0,501 ; 1,000 ;0,003;0;0;0;0;3333
16;35;05500000;05580999;SP; 7,60 ;2; 0,501 ; 1,000 ;0,003;0;0;0;0;3333
16;35;05581000;05599999;SP; 7,60 ;2; 0,501 ; 1,000 ;0,003;0;0;0;0;3333
16;35;05600000;05699999;SP; 7,60 ;2; 0,501 ; 1,000 ;0,003;0;0;0;0;3333
16;35;05700000;05770999;SP; 7,60 ;2; 0,501 ; 1,000 ;0,003;0;0;0;0;3333
16;35;05771000;05790450;SP; 7,60 ;2; 0,501 ; 1,000 ;0,003;0;0;0;0;3333
16;35;05792000;05798350;SP; 7,60 ;2; 0,501 ; 1,000 ;0,003;0;0;0;0;3333
16;35;05800000;05894460;SP; 7,60 ;2; 0,501 ; 1,000 ;0,003;0;0;0;0;3333
16;35;06000000;06298970;SP; 7,60 ;2; 0,501 ; 1,000 ;0,003;0;0;0;0;3333
16;35;06300000;06397670;SP; 7,60 ;2; 0,501 ; 1,000 ;0,003;0;0;0;0;3333
16;35;06400000;06485370;SP; 7,60 ;2; 0,501 ; 1,000 ;0,003;0;0;0;0;3333
16;35;06500000;06544900;SP; 7,60 ;2; 0,501 ; 1,000 ;0,003;0;0;0;0;3333
16;35;06700000;06722560;SP; 7,60 ;2; 0,501 ; 1,000 ;0,003;0;0;0;0;3333
16;35;06750001;06795070;SP; 7,60 ;2; 0,501 ; 1,000 ;0,003;0;0;0;0;3333
16;35;06800001;06846835;SP; 7,60 ;2; 0,501 ; 1,000 ;0,003;0;0;0;0;3333
16;35;07000000;07099999;SP; 7,60 ;2; 0,501 ; 1,000 ;0,003;0;0;0;0;3333
16;35;07100000;07274040;SP; 7,60 ;2; 0,501 ; 1,000 ;0,003;0;0;0;0;3333
16;35;07400000;07443030;SP; 7,60 ;2; 0,501 ; 1,000 ;0,003;0;0;0;0;3333
16;35;07700000;07794440;SP; 7,60 ;2; 0,501 ; 1,000 ;0,003;0;0;0;0;3333
16;35;08000000;08191400;SP; 7,60 ;2; 0,501 ; 1,000 ;0,003;0;0;0;0;3333
16;35;08200000;08380000;SP; 7,60 ;2; 0,501 ; 1,000 ;0,003;0;0;0;0;3333
16;35;08410000;08491030;SP; 7,60 ;2; 0,501 ; 1,000 ;0,003;0;0;0;0;3333
16;35;08500000;08545280;SP; 7,60 ;2; 0,501 ; 1,000 ;0,003;0;0;0;0;3333
16;35;08550010;08599840;SP; 7,60 ;2; 0,501 ; 1,000 ;0,003;0;0;0;0;3333
16;35;08600000;08696805;SP; 7,60 ;2; 0,501 ; 1,000 ;0,003;0;0;0;0;3333
16;35;08710000;08747050;SP; 7,60 ;2; 0,501 ; 1,000 ;0,003;0;0;0;0;3333
16;35;09000000;09099999;SP; 7,60 ;2; 0,501 ; 1,000 ;0,003;0;0;0;0;3333
16;35;09100000;09133200;SP; 7,60 ;2; 0,501 ; 1,000 ;0,003;0;0;0;0;3333
16;35;09152010;09152150;SP; 7,60 ;2; 0,501 ; 1,000 ;0,003;0;0;0;0;3333
16;35;09161210;09161380;SP; 7,60 ;2; 0,501 ; 1,000 ;0,003;0;0;0;0;3333
16;35;09162010;09162030;SP; 7,60 ;2; 0,501 ; 1,000 ;0,003;0;0;0;0;3333
16;35;09162060;09162090;SP; 7,60 ;2; 0,501 ; 1,000 ;0,003;0;0;0;0;3333
16;35;09162300;09162320;SP; 7,60 ;2; 0,501 ; 1,000 ;0,003;0;0;0;0;3333
16;35;09170000;09195780;SP; 7,60 ;2; 0,501 ; 1,000 ;0,003;0;0;0;0;3333
16;35;09210000;09291280;SP; 7,60 ;2; 0,501 ; 1,000 ;0,003;0;0;0;0;3333
16;35;09310000;09392300;SP; 7,60 ;2; 0,501 ; 1,000 ;0,003;0;0;0;0;3333
16;35;09400000;09414650;SP; 7,60 ;2; 0,501 ; 1,000 ;0,003;0;0;0;0;3333
16;35;09416000;09445760;SP; 7,60 ;2; 0,501 ; 1,000 ;0,003;0;0;0;0;3333
16;35;09510000;09599999;SP; 7,60 ;2; 0,501 ; 1,000 ;0,003;0;0;0;0;3333
16;35;09600000;09699999;SP; 7,60 ;2; 0,501 ; 1,000 ;0,003;0;0;0;0;3333
16;35;09700000;09793080;SP; 7,60 ;2; 0,501 ; 1,000 ;0,003;0;0;0;0;3333
16;35;09810000;09830970;SP; 7,60 ;2; 0,501 ; 1,000 ;0,003;0;0;0;0;3333
16;35;09831700;09832460;SP; 7,60 ;2; 0,501 ; 1,000 ;0,003;0;0;0;0;3333
16;35;09840000;09896530;SP; 7,60 ;2; 0,501 ; 1,000 ;0,003;0;0;0;0;3333
16;35;09910000;09993335;SP; 7,60 ;2; 0,501 ; 1,000 ;0,003;0;0;0;0;3333
16;35;01000000;01099999;SP; 9,10 ;2; 1,001 ; 3,000 ;0,003;0;0;0;0;3333
16;35;01100000;01199999;SP; 9,10 ;2; 1,001 ; 3,000 ;0,003;0;0;0;0;3333
16;35;01200000;01299999;SP; 9,10 ;2; 1,001 ; 3,000 ;0,003;0;0;0;0;3333
16;35;01300000;01399999;SP; 9,10 ;2; 1,001 ; 3,000 ;0,003;0;0;0;0;3333
16;35;01400000;01499999;SP; 9,10 ;2; 1,001 ; 3,000 ;0,003;0;0;0;0;3333
16;35;01500000;01599999;SP; 9,10 ;2; 1,001 ; 3,000 ;0,003;0;0;0;0;3333
16;35;02000000;02199999;SP; 9,10 ;2; 1,001 ; 3,000 ;0,003;0;0;0;0;3333
16;35;02200000;02281999;SP; 9,10 ;2; 1,001 ; 3,000 ;0,003;0;0;0;0;3333
16;35;02282000;02290030;SP; 9,10 ;2; 1,001 ; 3,000 ;0,003;0;0;0;0;3333
16;35;02300000;02318999;SP; 9,10 ;2; 1,001 ; 3,000 ;0,003;0;0;0;0;3333
16;35;02319000;02359999;SP; 9,10 ;2; 1,001 ; 3,000 ;0,003;0;0;0;0;3333
16;35;02360000;02399999;SP; 9,10 ;2; 1,001 ; 3,000 ;0,003;0;0;0;0;3333
16;35;02400000;02699999;SP; 9,10 ;2; 1,001 ; 3,000 ;0,003;0;0;0;0;3333
16;35;02700000;02799999;SP; 9,10 ;2; 1,001 ; 3,000 ;0,003;0;0;0;0;3333
16;35;02801000;02883160;SP; 9,10 ;2; 1,001 ; 3,000 ;0,003;0;0;0;0;3333
16;35;02901000;02952125;SP; 9,10 ;2; 1,001 ; 3,000 ;0,003;0;0;0;0;3333
16;35;02952130;02954999;SP; 9,10 ;2; 1,001 ; 3,000 ;0,003;0;0;0;0;3333
16;35;02955000;02979210;SP; 9,10 ;2; 1,001 ; 3,000 ;0,003;0;0;0;0;3333
16;35;02981000;02982999;SP; 9,10 ;2; 1,001 ; 3,000 ;0,003;0;0;0;0;3333
16;35;02983000;02989900;SP; 9,10 ;2; 1,001 ; 3,000 ;0,003;0;0;0;0;3333
16;35;02990000;02998369;SP; 9,10 ;2; 1,001 ; 3,000 ;0,003;0;0;0;0;3333
16;35;03000000;03199999;SP; 9,10 ;2; 1,001 ; 3,000 ;0,003;0;0;0;0;3333
16;35;03200000;03499999;SP; 9,10 ;2; 1,001 ; 3,000 ;0,003;0;0;0;0;3333
16;35;03500000;03799999;SP; 9,10 ;2; 1,001 ; 3,000 ;0,003;0;0;0;0;3333
16;35;03800000;03999999;SP; 9,10 ;2; 1,001 ; 3,000 ;0,003;0;0;0;0;3333
16;35;04000000;04099999;SP; 9,10 ;2; 1,001 ; 3,000 ;0,003;0;0;0;0;3333
16;35;04100000;04199999;SP; 9,10 ;2; 1,001 ; 3,000 ;0,003;0;0;0;0;3333
16;35;04200000;04229999;SP; 9,10 ;2; 1,001 ; 3,000 ;0,003;0;0;0;0;3333
16;35;04230000;04245999;SP; 9,10 ;2; 1,001 ; 3,000 ;0,003;0;0;0;0;3333
16;35;04246000;04299999;SP; 9,10 ;2; 1,001 ; 3,000 ;0,003;0;0;0;0;3333
16;35;04300000;04335999;SP; 9,10 ;2; 1,001 ; 3,000 ;0,003;0;0;0;0;3333
16;35;04336000;04337999;SP; 9,10 ;2; 1,001 ; 3,000 ;0,003;0;0;0;0;3333
16;35;04338000;04385999;SP; 9,10 ;2; 1,001 ; 3,000 ;0,003;0;0;0;0;3333
16;35;04386000;04387360;SP; 9,10 ;2; 1,001 ; 3,000 ;0,003;0;0;0;0;3333
16;35;04400000;04499999;SP; 9,10 ;2; 1,001 ; 3,000 ;0,003;0;0;0;0;3333
16;35;04500000;04599990;SP; 9,10 ;2; 1,001 ; 3,000 ;0,003;0;0;0;0;3333
16;35;04600000;04699999;SP; 9,10 ;2; 1,001 ; 3,000 ;0,003;0;0;0;0;3333
16;35;04700000;04799999;SP; 9,10 ;2; 1,001 ; 3,000 ;0,003;0;0;0;0;3333
16;35;04801000;04865065;SP; 9,10 ;2; 1,001 ; 3,000 ;0,003;0;0;0;0;3333
16;35;04900000;04948999;SP; 9,10 ;2; 1,001 ; 3,000 ;0,003;0;0;0;0;3333
16;35;05000000;05099999;SP; 9,10 ;2; 1,001 ; 3,000 ;0,003;0;0;0;0;3333
16;35;05100000;05179999;SP; 9,10 ;2; 1,001 ; 3,000 ;0,003;0;0;0;0;3333
16;35;05180000;05187949;SP; 9,10 ;2; 1,001 ; 3,000 ;0,003;0;0;0;0;3333
16;35;05200000;05203999;SP; 9,10 ;2; 1,001 ; 3,000 ;0,003;0;0;0;0;3333
16;35;05211000;05275010;SP; 9,10 ;2; 1,001 ; 3,000 ;0,003;0;0;0;0;3333
16;35;05275030;05283260;SP; 9,10 ;2; 1,001 ; 3,000 ;0,003;0;0;0;0;3333
16;35;05300000;05399999;SP; 9,10 ;2; 1,001 ; 3,000 ;0,003;0;0;0;0;3333
16;35;05400000;05499999;SP; 9,10 ;2; 1,001 ; 3,000 ;0,003;0;0;0;0;3333
16;35;05500000;05580999;SP; 9,10 ;2; 1,001 ; 3,000 ;0,003;0;0;0;0;3333
16;35;05581000;05599999;SP; 9,10 ;2; 1,001 ; 3,000 ;0,003;0;0;0;0;3333
16;35;05600000;05699999;SP; 9,10 ;2; 1,001 ; 3,000 ;0,003;0;0;0;0;3333
16;35;05700000;05770999;SP; 9,10 ;2; 1,001 ; 3,000 ;0,003;0;0;0;0;3333
16;35;05771000;05790450;SP; 9,10 ;2; 1,001 ; 3,000 ;0,003;0;0;0;0;3333
16;35;05792000;05798350;SP; 9,10 ;2; 1,001 ; 3,000 ;0,003;0;0;0;0;3333
16;35;05800000;05894460;SP; 9,10 ;2; 1,001 ; 3,000 ;0,003;0;0;0;0;3333
16;35;06000000;06298970;SP; 9,10 ;2; 1,001 ; 3,000 ;0,003;0;0;0;0;3333
16;35;06300000;06397670;SP; 9,10 ;2; 1,001 ; 3,000 ;0,003;0;0;0;0;3333
16;35;06400000;06485370;SP; 9,10 ;2; 1,001 ; 3,000 ;0,003;0;0;0;0;3333
16;35;06500000;06544900;SP; 9,10 ;2; 1,001 ; 3,000 ;0,003;0;0;0;0;3333
16;35;06700000;06722560;SP; 9,10 ;2; 1,001 ; 3,000 ;0,003;0;0;0;0;3333
16;35;06750001;06795070;SP; 9,10 ;2; 1,001 ; 3,000 ;0,003;0;0;0;0;3333
16;35;06800001;06846835;SP; 9,10 ;2; 1,001 ; 3,000 ;0,003;0;0;0;0;3333
16;35;07000000;07099999;SP; 9,10 ;2; 1,001 ; 3,000 ;0,003;0;0;0;0;3333
16;35;07100000;07274040;SP; 9,10 ;2; 1,001 ; 3,000 ;0,003;0;0;0;0;3333
16;35;07400000;07443030;SP; 9,10 ;2; 1,001 ; 3,000 ;0,003;0;0;0;0;3333
16;35;07700000;07794440;SP; 9,10 ;2; 1,001 ; 3,000 ;0,003;0;0;0;0;3333
16;35;08000000;08191400;SP; 9,10 ;2; 1,001 ; 3,000 ;0,003;0;0;0;0;3333
16;35;08200000;08380000;SP; 9,10 ;2; 1,001 ; 3,000 ;0,003;0;0;0;0;3333
16;35;08410000;08491030;SP; 9,10 ;2; 1,001 ; 3,000 ;0,003;0;0;0;0;3333
16;35;08500000;08545280;SP; 9,10 ;2; 1,001 ; 3,000 ;0,003;0;0;0;0;3333
16;35;08550010;08599840;SP; 9,10 ;2; 1,001 ; 3,000 ;0,003;0;0;0;0;3333
16;35;08600000;08696805;SP; 9,10 ;2; 1,001 ; 3,000 ;0,003;0;0;0;0;3333
16;35;08710000;08747050;SP; 9,10 ;2; 1,001 ; 3,000 ;0,003;0;0;0;0;3333
16;35;09000000;09099999;SP; 9,10 ;2; 1,001 ; 3,000 ;0,003;0;0;0;0;3333
16;35;09100000;09133200;SP; 9,10 ;2; 1,001 ; 3,000 ;0,003;0;0;0;0;3333
16;35;09152010;09152150;SP; 9,10 ;2; 1,001 ; 3,000 ;0,003;0;0;0;0;3333
16;35;09161210;09161380;SP; 9,10 ;2; 1,001 ; 3,000 ;0,003;0;0;0;0;3333
16;35;09162010;09162030;SP; 9,10 ;2; 1,001 ; 3,000 ;0,003;0;0;0;0;3333
16;35;09162060;09162090;SP; 9,10 ;2; 1,001 ; 3,000 ;0,003;0;0;0;0;3333
16;35;09162300;09162320;SP; 9,10 ;2; 1,001 ; 3,000 ;0,003;0;0;0;0;3333
16;35;09170000;09195780;SP; 9,10 ;2; 1,001 ; 3,000 ;0,003;0;0;0;0;3333
16;35;09210000;09291280;SP; 9,10 ;2; 1,001 ; 3,000 ;0,003;0;0;0;0;3333
16;35;09310000;09392300;SP; 9,10 ;2; 1,001 ; 3,000 ;0,003;0;0;0;0;3333
16;35;09400000;09414650;SP; 9,10 ;2; 1,001 ; 3,000 ;0,003;0;0;0;0;3333
16;35;09416000;09445760;SP; 9,10 ;2; 1,001 ; 3,000 ;0,003;0;0;0;0;3333
16;35;09510000;09599999;SP; 9,10 ;2; 1,001 ; 3,000 ;0,003;0;0;0;0;3333
16;35;09600000;09699999;SP; 9,10 ;2; 1,001 ; 3,000 ;0,003;0;0;0;0;3333
16;35;09700000;09793080;SP; 9,10 ;2; 1,001 ; 3,000 ;0,003;0;0;0;0;3333
16;35;09810000;09830970;SP; 9,10 ;2; 1,001 ; 3,000 ;0,003;0;0;0;0;3333
16;35;09831700;09832460;SP; 9,10 ;2; 1,001 ; 3,000 ;0,003;0;0;0;0;3333
16;35;09840000;09896530;SP; 9,10 ;2; 1,001 ; 3,000 ;0,003;0;0;0;0;3333
16;35;09910000;09993335;SP; 9,10 ;2; 1,001 ; 3,000 ;0,003;0;0;0;0;3333
16;35;01000000;01099999;SP; 9,30 ;2; 3,001 ; 4,000 ;0,003;0;0;0;0;3333
16;35;01100000;01199999;SP; 9,30 ;2; 3,001 ; 4,000 ;0,003;0;0;0;0;3333
16;35;01200000;01299999;SP; 9,30 ;2; 3,001 ; 4,000 ;0,003;0;0;0;0;3333
16;35;01300000;01399999;SP; 9,30 ;2; 3,001 ; 4,000 ;0,003;0;0;0;0;3333
16;35;01400000;01499999;SP; 9,30 ;2; 3,001 ; 4,000 ;0,003;0;0;0;0;3333
16;35;01500000;01599999;SP; 9,30 ;2; 3,001 ; 4,000 ;0,003;0;0;0;0;3333
16;35;02000000;02199999;SP; 9,30 ;2; 3,001 ; 4,000 ;0,003;0;0;0;0;3333
16;35;02200000;02281999;SP; 9,30 ;2; 3,001 ; 4,000 ;0,003;0;0;0;0;3333
16;35;02282000;02290030;SP; 9,30 ;2; 3,001 ; 4,000 ;0,003;0;0;0;0;3333
16;35;02300000;02318999;SP; 9,30 ;2; 3,001 ; 4,000 ;0,003;0;0;0;0;3333
16;35;02319000;02359999;SP; 9,30 ;2; 3,001 ; 4,000 ;0,003;0;0;0;0;3333
16;35;02360000;02399999;SP; 9,30 ;2; 3,001 ; 4,000 ;0,003;0;0;0;0;3333
16;35;02400000;02699999;SP; 9,30 ;2; 3,001 ; 4,000 ;0,003;0;0;0;0;3333
16;35;02700000;02799999;SP; 9,30 ;2; 3,001 ; 4,000 ;0,003;0;0;0;0;3333
16;35;02801000;02883160;SP; 9,30 ;2; 3,001 ; 4,000 ;0,003;0;0;0;0;3333
16;35;02901000;02952125;SP; 9,30 ;2; 3,001 ; 4,000 ;0,003;0;0;0;0;3333
16;35;02952130;02954999;SP; 9,30 ;2; 3,001 ; 4,000 ;0,003;0;0;0;0;3333
16;35;02955000;02979210;SP; 9,30 ;2; 3,001 ; 4,000 ;0,003;0;0;0;0;3333
16;35;02981000;02982999;SP; 9,30 ;2; 3,001 ; 4,000 ;0,003;0;0;0;0;3333
16;35;02983000;02989900;SP; 9,30 ;2; 3,001 ; 4,000 ;0,003;0;0;0;0;3333
16;35;02990000;02998369;SP; 9,30 ;2; 3,001 ; 4,000 ;0,003;0;0;0;0;3333
16;35;03000000;03199999;SP; 9,30 ;2; 3,001 ; 4,000 ;0,003;0;0;0;0;3333
16;35;03200000;03499999;SP; 9,30 ;2; 3,001 ; 4,000 ;0,003;0;0;0;0;3333
16;35;03500000;03799999;SP; 9,30 ;2; 3,001 ; 4,000 ;0,003;0;0;0;0;3333
16;35;03800000;03999999;SP; 9,30 ;2; 3,001 ; 4,000 ;0,003;0;0;0;0;3333
16;35;04000000;04099999;SP; 9,30 ;2; 3,001 ; 4,000 ;0,003;0;0;0;0;3333
16;35;04100000;04199999;SP; 9,30 ;2; 3,001 ; 4,000 ;0,003;0;0;0;0;3333
16;35;04200000;04229999;SP; 9,30 ;2; 3,001 ; 4,000 ;0,003;0;0;0;0;3333
16;35;04230000;04245999;SP; 9,30 ;2; 3,001 ; 4,000 ;0,003;0;0;0;0;3333
16;35;04246000;04299999;SP; 9,30 ;2; 3,001 ; 4,000 ;0,003;0;0;0;0;3333
16;35;04300000;04335999;SP; 9,30 ;2; 3,001 ; 4,000 ;0,003;0;0;0;0;3333
16;35;04336000;04337999;SP; 9,30 ;2; 3,001 ; 4,000 ;0,003;0;0;0;0;3333
16;35;04338000;04385999;SP; 9,30 ;2; 3,001 ; 4,000 ;0,003;0;0;0;0;3333
16;35;04386000;04387360;SP; 9,30 ;2; 3,001 ; 4,000 ;0,003;0;0;0;0;3333
16;35;04400000;04499999;SP; 9,30 ;2; 3,001 ; 4,000 ;0,003;0;0;0;0;3333
16;35;04500000;04599990;SP; 9,30 ;2; 3,001 ; 4,000 ;0,003;0;0;0;0;3333
16;35;04600000;04699999;SP; 9,30 ;2; 3,001 ; 4,000 ;0,003;0;0;0;0;3333
16;35;04700000;04799999;SP; 9,30 ;2; 3,001 ; 4,000 ;0,003;0;0;0;0;3333
16;35;04801000;04865065;SP; 9,30 ;2; 3,001 ; 4,000 ;0,003;0;0;0;0;3333
16;35;04900000;04948999;SP; 9,30 ;2; 3,001 ; 4,000 ;0,003;0;0;0;0;3333
16;35;05000000;05099999;SP; 9,30 ;2; 3,001 ; 4,000 ;0,003;0;0;0;0;3333
16;35;05100000;05179999;SP; 9,30 ;2; 3,001 ; 4,000 ;0,003;0;0;0;0;3333
16;35;05180000;05187949;SP; 9,30 ;2; 3,001 ; 4,000 ;0,003;0;0;0;0;3333
16;35;05200000;05203999;SP; 9,30 ;2; 3,001 ; 4,000 ;0,003;0;0;0;0;3333
16;35;05211000;05275010;SP; 9,30 ;2; 3,001 ; 4,000 ;0,003;0;0;0;0;3333
16;35;05275030;05283260;SP; 9,30 ;2; 3,001 ; 4,000 ;0,003;0;0;0;0;3333
16;35;05300000;05399999;SP; 9,30 ;2; 3,001 ; 4,000 ;0,003;0;0;0;0;3333
16;35;05400000;05499999;SP; 9,30 ;2; 3,001 ; 4,000 ;0,003;0;0;0;0;3333
16;35;05500000;05580999;SP; 9,30 ;2; 3,001 ; 4,000 ;0,003;0;0;0;0;3333
16;35;05581000;05599999;SP; 9,30 ;2; 3,001 ; 4,000 ;0,003;0;0;0;0;3333
16;35;05600000;05699999;SP; 9,30 ;2; 3,001 ; 4,000 ;0,003;0;0;0;0;3333
16;35;05700000;05770999;SP; 9,30 ;2; 3,001 ; 4,000 ;0,003;0;0;0;0;3333
16;35;05771000;05790450;SP; 9,30 ;2; 3,001 ; 4,000 ;0,003;0;0;0;0;3333
16;35;05792000;05798350;SP; 9,30 ;2; 3,001 ; 4,000 ;0,003;0;0;0;0;3333
16;35;05800000;05894460;SP; 9,30 ;2; 3,001 ; 4,000 ;0,003;0;0;0;0;3333
16;35;06000000;06298970;SP; 9,30 ;2; 3,001 ; 4,000 ;0,003;0;0;0;0;3333
16;35;06300000;06397670;SP; 9,30 ;2; 3,001 ; 4,000 ;0,003;0;0;0;0;3333
16;35;06400000;06485370;SP; 9,30 ;2; 3,001 ; 4,000 ;0,003;0;0;0;0;3333
16;35;06500000;06544900;SP; 9,30 ;2; 3,001 ; 4,000 ;0,003;0;0;0;0;3333
16;35;06700000;06722560;SP; 9,30 ;2; 3,001 ; 4,000 ;0,003;0;0;0;0;3333
16;35;06750001;06795070;SP; 9,30 ;2; 3,001 ; 4,000 ;0,003;0;0;0;0;3333
16;35;06800001;06846835;SP; 9,30 ;2; 3,001 ; 4,000 ;0,003;0;0;0;0;3333
16;35;07000000;07099999;SP; 9,30 ;2; 3,001 ; 4,000 ;0,003;0;0;0;0;3333
16;35;07100000;07274040;SP; 9,30 ;2; 3,001 ; 4,000 ;0,003;0;0;0;0;3333
16;35;07400000;07443030;SP; 9,30 ;2; 3,001 ; 4,000 ;0,003;0;0;0;0;3333
16;35;07700000;07794440;SP; 9,30 ;2; 3,001 ; 4,000 ;0,003;0;0;0;0;3333
16;35;08000000;08191400;SP; 9,30 ;2; 3,001 ; 4,000 ;0,003;0;0;0;0;3333
16;35;08200000;08380000;SP; 9,30 ;2; 3,001 ; 4,000 ;0,003;0;0;0;0;3333
16;35;08410000;08491030;SP; 9,30 ;2; 3,001 ; 4,000 ;0,003;0;0;0;0;3333
16;35;08500000;08545280;SP; 9,30 ;2; 3,001 ; 4,000 ;0,003;0;0;0;0;3333
16;35;08550010;08599840;SP; 9,30 ;2; 3,001 ; 4,000 ;0,003;0;0;0;0;3333
16;35;08600000;08696805;SP; 9,30 ;2; 3,001 ; 4,000 ;0,003;0;0;0;0;3333
16;35;08710000;08747050;SP; 9,30 ;2; 3,001 ; 4,000 ;0,003;0;0;0;0;3333
16;35;09000000;09099999;SP; 9,30 ;2; 3,001 ; 4,000 ;0,003;0;0;0;0;3333
16;35;09100000;09133200;SP; 9,30 ;2; 3,001 ; 4,000 ;0,003;0;0;0;0;3333
16;35;09152010;09152150;SP; 9,30 ;2; 3,001 ; 4,000 ;0,003;0;0;0;0;3333
16;35;09161210;09161380;SP; 9,30 ;2; 3,001 ; 4,000 ;0,003;0;0;0;0;3333
16;35;09162010;09162030;SP; 9,30 ;2; 3,001 ; 4,000 ;0,003;0;0;0;0;3333
16;35;09162060;09162090;SP; 9,30 ;2; 3,001 ; 4,000 ;0,003;0;0;0;0;3333
16;35;09162300;09162320;SP; 9,30 ;2; 3,001 ; 4,000 ;0,003;0;0;0;0;3333
16;35;09170000;09195780;SP; 9,30 ;2; 3,001 ; 4,000 ;0,003;0;0;0;0;3333
16;35;09210000;09291280;SP; 9,30 ;2; 3,001 ; 4,000 ;0,003;0;0;0;0;3333
16;35;09310000;09392300;SP; 9,30 ;2; 3,001 ; 4,000 ;0,003;0;0;0;0;3333
16;35;09400000;09414650;SP; 9,30 ;2; 3,001 ; 4,000 ;0,003;0;0;0;0;3333
16;35;09416000;09445760;SP; 9,30 ;2; 3,001 ; 4,000 ;0,003;0;0;0;0;3333
16;35;09510000;09599999;SP; 9,30 ;2; 3,001 ; 4,000 ;0,003;0;0;0;0;3333
16;35;09600000;09699999;SP; 9,30 ;2; 3,001 ; 4,000 ;0,003;0;0;0;0;3333
16;35;09700000;09793080;SP; 9,30 ;2; 3,001 ; 4,000 ;0,003;0;0;0;0;3333
16;35;09810000;09830970;SP; 9,30 ;2; 3,001 ; 4,000 ;0,003;0;0;0;0;3333
16;35;09831700;09832460;SP; 9,30 ;2; 3,001 ; 4,000 ;0,003;0;0;0;0;3333
16;35;09840000;09896530;SP; 9,30 ;2; 3,001 ; 4,000 ;0,003;0;0;0;0;3333
16;35;09910000;09993335;SP; 9,30 ;2; 3,001 ; 4,000 ;0,003;0;0;0;0;3333
16;35;01000000;01099999;SP; 9,70 ;2; 4,001 ; 5,000 ;0,003;0;0;0;0;3333
16;35;01100000;01199999;SP; 9,70 ;2; 4,001 ; 5,000 ;0,003;0;0;0;0;3333
16;35;01200000;01299999;SP; 9,70 ;2; 4,001 ; 5,000 ;0,003;0;0;0;0;3333
16;35;01300000;01399999;SP; 9,70 ;2; 4,001 ; 5,000 ;0,003;0;0;0;0;3333
16;35;01400000;01499999;SP; 9,70 ;2; 4,001 ; 5,000 ;0,003;0;0;0;0;3333
16;35;01500000;01599999;SP; 9,70 ;2; 4,001 ; 5,000 ;0,003;0;0;0;0;3333
16;35;02000000;02199999;SP; 9,70 ;2; 4,001 ; 5,000 ;0,003;0;0;0;0;3333
16;35;02200000;02281999;SP; 9,70 ;2; 4,001 ; 5,000 ;0,003;0;0;0;0;3333
16;35;02282000;02290030;SP; 9,70 ;2; 4,001 ; 5,000 ;0,003;0;0;0;0;3333
16;35;02300000;02318999;SP; 9,70 ;2; 4,001 ; 5,000 ;0,003;0;0;0;0;3333
16;35;02319000;02359999;SP; 9,70 ;2; 4,001 ; 5,000 ;0,003;0;0;0;0;3333
16;35;02360000;02399999;SP; 9,70 ;2; 4,001 ; 5,000 ;0,003;0;0;0;0;3333
16;35;02400000;02699999;SP; 9,70 ;2; 4,001 ; 5,000 ;0,003;0;0;0;0;3333
16;35;02700000;02799999;SP; 9,70 ;2; 4,001 ; 5,000 ;0,003;0;0;0;0;3333
16;35;02801000;02883160;SP; 9,70 ;2; 4,001 ; 5,000 ;0,003;0;0;0;0;3333
16;35;02901000;02952125;SP; 9,70 ;2; 4,001 ; 5,000 ;0,003;0;0;0;0;3333
16;35;02952130;02954999;SP; 9,70 ;2; 4,001 ; 5,000 ;0,003;0;0;0;0;3333
16;35;02955000;02979210;SP; 9,70 ;2; 4,001 ; 5,000 ;0,003;0;0;0;0;3333
16;35;02981000;02982999;SP; 9,70 ;2; 4,001 ; 5,000 ;0,003;0;0;0;0;3333
16;35;02983000;02989900;SP; 9,70 ;2; 4,001 ; 5,000 ;0,003;0;0;0;0;3333
16;35;02990000;02998369;SP; 9,70 ;2; 4,001 ; 5,000 ;0,003;0;0;0;0;3333
16;35;03000000;03199999;SP; 9,70 ;2; 4,001 ; 5,000 ;0,003;0;0;0;0;3333
16;35;03200000;03499999;SP; 9,70 ;2; 4,001 ; 5,000 ;0,003;0;0;0;0;3333
16;35;03500000;03799999;SP; 9,70 ;2; 4,001 ; 5,000 ;0,003;0;0;0;0;3333
16;35;03800000;03999999;SP; 9,70 ;2; 4,001 ; 5,000 ;0,003;0;0;0;0;3333
16;35;04000000;04099999;SP; 9,70 ;2; 4,001 ; 5,000 ;0,003;0;0;0;0;3333
16;35;04100000;04199999;SP; 9,70 ;2; 4,001 ; 5,000 ;0,003;0;0;0;0;3333
16;35;04200000;04229999;SP; 9,70 ;2; 4,001 ; 5,000 ;0,003;0;0;0;0;3333
16;35;04230000;04245999;SP; 9,70 ;2; 4,001 ; 5,000 ;0,003;0;0;0;0;3333
16;35;04246000;04299999;SP; 9,70 ;2; 4,001 ; 5,000 ;0,003;0;0;0;0;3333
16;35;04300000;04335999;SP; 9,70 ;2; 4,001 ; 5,000 ;0,003;0;0;0;0;3333
16;35;04336000;04337999;SP; 9,70 ;2; 4,001 ; 5,000 ;0,003;0;0;0;0;3333
16;35;04338000;04385999;SP; 9,70 ;2; 4,001 ; 5,000 ;0,003;0;0;0;0;3333
16;35;04386000;04387360;SP; 9,70 ;2; 4,001 ; 5,000 ;0,003;0;0;0;0;3333
16;35;04400000;04499999;SP; 9,70 ;2; 4,001 ; 5,000 ;0,003;0;0;0;0;3333
16;35;04500000;04599990;SP; 9,70 ;2; 4,001 ; 5,000 ;0,003;0;0;0;0;3333
16;35;04600000;04699999;SP; 9,70 ;2; 4,001 ; 5,000 ;0,003;0;0;0;0;3333
16;35;04700000;04799999;SP; 9,70 ;2; 4,001 ; 5,000 ;0,003;0;0;0;0;3333
16;35;04801000;04865065;SP; 9,70 ;2; 4,001 ; 5,000 ;0,003;0;0;0;0;3333
16;35;04900000;04948999;SP; 9,70 ;2; 4,001 ; 5,000 ;0,003;0;0;0;0;3333
16;35;05000000;05099999;SP; 9,70 ;2; 4,001 ; 5,000 ;0,003;0;0;0;0;3333
16;35;05100000;05179999;SP; 9,70 ;2; 4,001 ; 5,000 ;0,003;0;0;0;0;3333
16;35;05180000;05187949;SP; 9,70 ;2; 4,001 ; 5,000 ;0,003;0;0;0;0;3333
16;35;05200000;05203999;SP; 9,70 ;2; 4,001 ; 5,000 ;0,003;0;0;0;0;3333
16;35;05211000;05275010;SP; 9,70 ;2; 4,001 ; 5,000 ;0,003;0;0;0;0;3333
16;35;05275030;05283260;SP; 9,70 ;2; 4,001 ; 5,000 ;0,003;0;0;0;0;3333
16;35;05300000;05399999;SP; 9,70 ;2; 4,001 ; 5,000 ;0,003;0;0;0;0;3333
16;35;05400000;05499999;SP; 9,70 ;2; 4,001 ; 5,000 ;0,003;0;0;0;0;3333
16;35;05500000;05580999;SP; 9,70 ;2; 4,001 ; 5,000 ;0,003;0;0;0;0;3333
16;35;05581000;05599999;SP; 9,70 ;2; 4,001 ; 5,000 ;0,003;0;0;0;0;3333
16;35;05600000;05699999;SP; 9,70 ;2; 4,001 ; 5,000 ;0,003;0;0;0;0;3333
16;35;05700000;05770999;SP; 9,70 ;2; 4,001 ; 5,000 ;0,003;0;0;0;0;3333
16;35;05771000;05790450;SP; 9,70 ;2; 4,001 ; 5,000 ;0,003;0;0;0;0;3333
16;35;05792000;05798350;SP; 9,70 ;2; 4,001 ; 5,000 ;0,003;0;0;0;0;3333
16;35;05800000;05894460;SP; 9,70 ;2; 4,001 ; 5,000 ;0,003;0;0;0;0;3333
16;35;06000000;06298970;SP; 9,70 ;2; 4,001 ; 5,000 ;0,003;0;0;0;0;3333
16;35;06300000;06397670;SP; 9,70 ;2; 4,001 ; 5,000 ;0,003;0;0;0;0;3333
16;35;06400000;06485370;SP; 9,70 ;2; 4,001 ; 5,000 ;0,003;0;0;0;0;3333
16;35;06500000;06544900;SP; 9,70 ;2; 4,001 ; 5,000 ;0,003;0;0;0;0;3333
16;35;06700000;06722560;SP; 9,70 ;2; 4,001 ; 5,000 ;0,003;0;0;0;0;3333
16;35;06750001;06795070;SP; 9,70 ;2; 4,001 ; 5,000 ;0,003;0;0;0;0;3333
16;35;06800001;06846835;SP; 9,70 ;2; 4,001 ; 5,000 ;0,003;0;0;0;0;3333
16;35;07000000;07099999;SP; 9,70 ;2; 4,001 ; 5,000 ;0,003;0;0;0;0;3333
16;35;07100000;07274040;SP; 9,70 ;2; 4,001 ; 5,000 ;0,003;0;0;0;0;3333
16;35;07400000;07443030;SP; 9,70 ;2; 4,001 ; 5,000 ;0,003;0;0;0;0;3333
16;35;07700000;07794440;SP; 9,70 ;2; 4,001 ; 5,000 ;0,003;0;0;0;0;3333
16;35;08000000;08191400;SP; 9,70 ;2; 4,001 ; 5,000 ;0,003;0;0;0;0;3333
16;35;08200000;08380000;SP; 9,70 ;2; 4,001 ; 5,000 ;0,003;0;0;0;0;3333
16;35;08410000;08491030;SP; 9,70 ;2; 4,001 ; 5,000 ;0,003;0;0;0;0;3333
16;35;08500000;08545280;SP; 9,70 ;2; 4,001 ; 5,000 ;0,003;0;0;0;0;3333
16;35;08550010;08599840;SP; 9,70 ;2; 4,001 ; 5,000 ;0,003;0;0;0;0;3333
16;35;08600000;08696805;SP; 9,70 ;2; 4,001 ; 5,000 ;0,003;0;0;0;0;3333
16;35;08710000;08747050;SP; 9,70 ;2; 4,001 ; 5,000 ;0,003;0;0;0;0;3333
16;35;09000000;09099999;SP; 9,70 ;2; 4,001 ; 5,000 ;0,003;0;0;0;0;3333
16;35;09100000;09133200;SP; 9,70 ;2; 4,001 ; 5,000 ;0,003;0;0;0;0;3333
16;35;09152010;09152150;SP; 9,70 ;2; 4,001 ; 5,000 ;0,003;0;0;0;0;3333
16;35;09161210;09161380;SP; 9,70 ;2; 4,001 ; 5,000 ;0,003;0;0;0;0;3333
16;35;09162010;09162030;SP; 9,70 ;2; 4,001 ; 5,000 ;0,003;0;0;0;0;3333
16;35;09162060;09162090;SP; 9,70 ;2; 4,001 ; 5,000 ;0,003;0;0;0;0;3333
16;35;09162300;09162320;SP; 9,70 ;2; 4,001 ; 5,000 ;0,003;0;0;0;0;3333
16;35;09170000;09195780;SP; 9,70 ;2; 4,001 ; 5,000 ;0,003;0;0;0;0;3333
16;35;09210000;09291280;SP; 9,70 ;2; 4,001 ; 5,000 ;0,003;0;0;0;0;3333
16;35;09310000;09392300;SP; 9,70 ;2; 4,001 ; 5,000 ;0,003;0;0;0;0;3333
16;35;09400000;09414650;SP; 9,70 ;2; 4,001 ; 5,000 ;0,003;0;0;0;0;3333
16;35;09416000;09445760;SP; 9,70 ;2; 4,001 ; 5,000 ;0,003;0;0;0;0;3333
16;35;09510000;09599999;SP; 9,70 ;2; 4,001 ; 5,000 ;0,003;0;0;0;0;3333
16;35;09600000;09699999;SP; 9,70 ;2; 4,001 ; 5,000 ;0,003;0;0;0;0;3333
16;35;09700000;09793080;SP; 9,70 ;2; 4,001 ; 5,000 ;0,003;0;0;0;0;3333
16;35;09810000;09830970;SP; 9,70 ;2; 4,001 ; 5,000 ;0,003;0;0;0;0;3333
16;35;09831700;09832460;SP; 9,70 ;2; 4,001 ; 5,000 ;0,003;0;0;0;0;3333
16;35;09840000;09896530;SP; 9,70 ;2; 4,001 ; 5,000 ;0,003;0;0;0;0;3333
16;35;09910000;09993335;SP; 9,70 ;2; 4,001 ; 5,000 ;0,003;0;0;0;0;3333
16;35;01000000;01099999;SP; 10,60 ;2; 5,001 ; 10,000 ;0,003;0;0;0;0;3333
16;35;01100000;01199999;SP; 10,60 ;2; 5,001 ; 10,000 ;0,003;0;0;0;0;3333
16;35;01200000;01299999;SP; 10,60 ;2; 5,001 ; 10,000 ;0,003;0;0;0;0;3333
16;35;01300000;01399999;SP; 10,60 ;2; 5,001 ; 10,000 ;0,003;0;0;0;0;3333
16;35;01400000;01499999;SP; 10,60 ;2; 5,001 ; 10,000 ;0,003;0;0;0;0;3333
16;35;01500000;01599999;SP; 10,60 ;2; 5,001 ; 10,000 ;0,003;0;0;0;0;3333
16;35;02000000;02199999;SP; 10,60 ;2; 5,001 ; 10,000 ;0,003;0;0;0;0;3333
16;35;02200000;02281999;SP; 10,60 ;2; 5,001 ; 10,000 ;0,003;0;0;0;0;3333
16;35;02282000;02290030;SP; 10,60 ;2; 5,001 ; 10,000 ;0,003;0;0;0;0;3333
16;35;02300000;02318999;SP; 10,60 ;2; 5,001 ; 10,000 ;0,003;0;0;0;0;3333
16;35;02319000;02359999;SP; 10,60 ;2; 5,001 ; 10,000 ;0,003;0;0;0;0;3333
16;35;02360000;02399999;SP; 10,60 ;2; 5,001 ; 10,000 ;0,003;0;0;0;0;3333
16;35;02400000;02699999;SP; 10,60 ;2; 5,001 ; 10,000 ;0,003;0;0;0;0;3333
16;35;02700000;02799999;SP; 10,60 ;2; 5,001 ; 10,000 ;0,003;0;0;0;0;3333
16;35;02801000;02883160;SP; 10,60 ;2; 5,001 ; 10,000 ;0,003;0;0;0;0;3333
16;35;02901000;02952125;SP; 10,60 ;2; 5,001 ; 10,000 ;0,003;0;0;0;0;3333
16;35;02952130;02954999;SP; 10,60 ;2; 5,001 ; 10,000 ;0,003;0;0;0;0;3333
16;35;02955000;02979210;SP; 10,60 ;2; 5,001 ; 10,000 ;0,003;0;0;0;0;3333
16;35;02981000;02982999;SP; 10,60 ;2; 5,001 ; 10,000 ;0,003;0;0;0;0;3333
16;35;02983000;02989900;SP; 10,60 ;2; 5,001 ; 10,000 ;0,003;0;0;0;0;3333
16;35;02990000;02998369;SP; 10,60 ;2; 5,001 ; 10,000 ;0,003;0;0;0;0;3333
16;35;03000000;03199999;SP; 10,60 ;2; 5,001 ; 10,000 ;0,003;0;0;0;0;3333
16;35;03200000;03499999;SP; 10,60 ;2; 5,001 ; 10,000 ;0,003;0;0;0;0;3333
16;35;03500000;03799999;SP; 10,60 ;2; 5,001 ; 10,000 ;0,003;0;0;0;0;3333
16;35;03800000;03999999;SP; 10,60 ;2; 5,001 ; 10,000 ;0,003;0;0;0;0;3333
16;35;04000000;04099999;SP; 10,60 ;2; 5,001 ; 10,000 ;0,003;0;0;0;0;3333
16;35;04100000;04199999;SP; 10,60 ;2; 5,001 ; 10,000 ;0,003;0;0;0;0;3333
16;35;04200000;04229999;SP; 10,60 ;2; 5,001 ; 10,000 ;0,003;0;0;0;0;3333
16;35;04230000;04245999;SP; 10,60 ;2; 5,001 ; 10,000 ;0,003;0;0;0;0;3333
16;35;04246000;04299999;SP; 10,60 ;2; 5,001 ; 10,000 ;0,003;0;0;0;0;3333
16;35;04300000;04335999;SP; 10,60 ;2; 5,001 ; 10,000 ;0,003;0;0;0;0;3333
16;35;04336000;04337999;SP; 10,60 ;2; 5,001 ; 10,000 ;0,003;0;0;0;0;3333
16;35;04338000;04385999;SP; 10,60 ;2; 5,001 ; 10,000 ;0,003;0;0;0;0;3333
16;35;04386000;04387360;SP; 10,60 ;2; 5,001 ; 10,000 ;0,003;0;0;0;0;3333
16;35;04400000;04499999;SP; 10,60 ;2; 5,001 ; 10,000 ;0,003;0;0;0;0;3333
16;35;04500000;04599990;SP; 10,60 ;2; 5,001 ; 10,000 ;0,003;0;0;0;0;3333
16;35;04600000;04699999;SP; 10,60 ;2; 5,001 ; 10,000 ;0,003;0;0;0;0;3333
16;35;04700000;04799999;SP; 10,60 ;2; 5,001 ; 10,000 ;0,003;0;0;0;0;3333
16;35;04801000;04865065;SP; 10,60 ;2; 5,001 ; 10,000 ;0,003;0;0;0;0;3333
16;35;04900000;04948999;SP; 10,60 ;2; 5,001 ; 10,000 ;0,003;0;0;0;0;3333
16;35;05000000;05099999;SP; 10,60 ;2; 5,001 ; 10,000 ;0,003;0;0;0;0;3333
16;35;05100000;05179999;SP; 10,60 ;2; 5,001 ; 10,000 ;0,003;0;0;0;0;3333
16;35;05180000;05187949;SP; 10,60 ;2; 5,001 ; 10,000 ;0,003;0;0;0;0;3333
16;35;05200000;05203999;SP; 10,60 ;2; 5,001 ; 10,000 ;0,003;0;0;0;0;3333
16;35;05211000;05275010;SP; 10,60 ;2; 5,001 ; 10,000 ;0,003;0;0;0;0;3333
16;35;05275030;05283260;SP; 10,60 ;2; 5,001 ; 10,000 ;0,003;0;0;0;0;3333
16;35;05300000;05399999;SP; 10,60 ;2; 5,001 ; 10,000 ;0,003;0;0;0;0;3333
16;35;05400000;05499999;SP; 10,60 ;2; 5,001 ; 10,000 ;0,003;0;0;0;0;3333
16;35;05500000;05580999;SP; 10,60 ;2; 5,001 ; 10,000 ;0,003;0;0;0;0;3333
16;35;05581000;05599999;SP; 10,60 ;2; 5,001 ; 10,000 ;0,003;0;0;0;0;3333
16;35;05600000;05699999;SP; 10,60 ;2; 5,001 ; 10,000 ;0,003;0;0;0;0;3333
16;35;05700000;05770999;SP; 10,60 ;2; 5,001 ; 10,000 ;0,003;0;0;0;0;3333
16;35;05771000;05790450;SP; 10,60 ;2; 5,001 ; 10,000 ;0,003;0;0;0;0;3333
16;35;05792000;05798350;SP; 10,60 ;2; 5,001 ; 10,000 ;0,003;0;0;0;0;3333
16;35;05800000;05894460;SP; 10,60 ;2; 5,001 ; 10,000 ;0,003;0;0;0;0;3333
16;35;06000000;06298970;SP; 10,60 ;2; 5,001 ; 10,000 ;0,003;0;0;0;0;3333
16;35;06300000;06397670;SP; 10,60 ;2; 5,001 ; 10,000 ;0,003;0;0;0;0;3333
16;35;06400000;06485370;SP; 10,60 ;2; 5,001 ; 10,000 ;0,003;0;0;0;0;3333
16;35;06500000;06544900;SP; 10,60 ;2; 5,001 ; 10,000 ;0,003;0;0;0;0;3333
16;35;06700000;06722560;SP; 10,60 ;2; 5,001 ; 10,000 ;0,003;0;0;0;0;3333
16;35;06750001;06795070;SP; 10,60 ;2; 5,001 ; 10,000 ;0,003;0;0;0;0;3333
16;35;06800001;06846835;SP; 10,60 ;2; 5,001 ; 10,000 ;0,003;0;0;0;0;3333
16;35;07000000;07099999;SP; 10,60 ;2; 5,001 ; 10,000 ;0,003;0;0;0;0;3333
16;35;07100000;07274040;SP; 10,60 ;2; 5,001 ; 10,000 ;0,003;0;0;0;0;3333
16;35;07400000;07443030;SP; 10,60 ;2; 5,001 ; 10,000 ;0,003;0;0;0;0;3333
16;35;07700000;07794440;SP; 10,60 ;2; 5,001 ; 10,000 ;0,003;0;0;0;0;3333
16;35;08000000;08191400;SP; 10,60 ;2; 5,001 ; 10,000 ;0,003;0;0;0;0;3333
16;35;08200000;08380000;SP; 10,60 ;2; 5,001 ; 10,000 ;0,003;0;0;0;0;3333
16;35;08410000;08491030;SP; 10,60 ;2; 5,001 ; 10,000 ;0,003;0;0;0;0;3333
16;35;08500000;08545280;SP; 10,60 ;2; 5,001 ; 10,000 ;0,003;0;0;0;0;3333
16;35;08550010;08599840;SP; 10,60 ;2; 5,001 ; 10,000 ;0,003;0;0;0;0;3333
16;35;08600000;08696805;SP; 10,60 ;2; 5,001 ; 10,000 ;0,003;0;0;0;0;3333
16;35;08710000;08747050;SP; 10,60 ;2; 5,001 ; 10,000 ;0,003;0;0;0;0;3333
16;35;09000000;09099999;SP; 10,60 ;2; 5,001 ; 10,000 ;0,003;0;0;0;0;3333
16;35;09100000;09133200;SP; 10,60 ;2; 5,001 ; 10,000 ;0,003;0;0;0;0;3333
16;35;09152010;09152150;SP; 10,60 ;2; 5,001 ; 10,000 ;0,003;0;0;0;0;3333
16;35;09161210;09161380;SP; 10,60 ;2; 5,001 ; 10,000 ;0,003;0;0;0;0;3333
16;35;09162010;09162030;SP; 10,60 ;2; 5,001 ; 10,000 ;0,003;0;0;0;0;3333
16;35;09162060;09162090;SP; 10,60 ;2; 5,001 ; 10,000 ;0,003;0;0;0;0;3333
16;35;09162300;09162320;SP; 10,60 ;2; 5,001 ; 10,000 ;0,003;0;0;0;0;3333
16;35;09170000;09195780;SP; 10,60 ;2; 5,001 ; 10,000 ;0,003;0;0;0;0;3333
16;35;09210000;09291280;SP; 10,60 ;2; 5,001 ; 10,000 ;0,003;0;0;0;0;3333
16;35;09310000;09392300;SP; 10,60 ;2; 5,001 ; 10,000 ;0,003;0;0;0;0;3333
16;35;09400000;09414650;SP; 10,60 ;2; 5,001 ; 10,000 ;0,003;0;0;0;0;3333
16;35;09416000;09445760;SP; 10,60 ;2; 5,001 ; 10,000 ;0,003;0;0;0;0;3333
16;35;09510000;09599999;SP; 10,60 ;2; 5,001 ; 10,000 ;0,003;0;0;0;0;3333
16;35;09600000;09699999;SP; 10,60 ;2; 5,001 ; 10,000 ;0,003;0;0;0;0;3333
16;35;09700000;09793080;SP; 10,60 ;2; 5,001 ; 10,000 ;0,003;0;0;0;0;3333
16;35;09810000;09830970;SP; 10,60 ;2; 5,001 ; 10,000 ;0,003;0;0;0;0;3333
16;35;09831700;09832460;SP; 10,60 ;2; 5,001 ; 10,000 ;0,003;0;0;0;0;3333
16;35;09840000;09896530;SP; 10,60 ;2; 5,001 ; 10,000 ;0,003;0;0;0;0;3333
16;35;09910000;09993335;SP; 10,60 ;2; 5,001 ; 10,000 ;0,003;0;0;0;0;3333
16;35;01000000;01099999;SP; 11,00 ;2; 10,001 ; 20,000 ;0,003;0;0;0;0;3333
16;35;01100000;01199999;SP; 11,00 ;2; 10,001 ; 20,000 ;0,003;0;0;0;0;3333
16;35;01200000;01299999;SP; 11,00 ;2; 10,001 ; 20,000 ;0,003;0;0;0;0;3333
16;35;01300000;01399999;SP; 11,00 ;2; 10,001 ; 20,000 ;0,003;0;0;0;0;3333
16;35;01400000;01499999;SP; 11,00 ;2; 10,001 ; 20,000 ;0,003;0;0;0;0;3333
16;35;01500000;01599999;SP; 11,00 ;2; 10,001 ; 20,000 ;0,003;0;0;0;0;3333
16;35;02000000;02199999;SP; 11,00 ;2; 10,001 ; 20,000 ;0,003;0;0;0;0;3333
16;35;02200000;02281999;SP; 11,00 ;2; 10,001 ; 20,000 ;0,003;0;0;0;0;3333
16;35;02282000;02290030;SP; 11,00 ;2; 10,001 ; 20,000 ;0,003;0;0;0;0;3333
16;35;02300000;02318999;SP; 11,00 ;2; 10,001 ; 20,000 ;0,003;0;0;0;0;3333
16;35;02319000;02359999;SP; 11,00 ;2; 10,001 ; 20,000 ;0,003;0;0;0;0;3333
16;35;02360000;02399999;SP; 11,00 ;2; 10,001 ; 20,000 ;0,003;0;0;0;0;3333
16;35;02400000;02699999;SP; 11,00 ;2; 10,001 ; 20,000 ;0,003;0;0;0;0;3333
16;35;02700000;02799999;SP; 11,00 ;2; 10,001 ; 20,000 ;0,003;0;0;0;0;3333
16;35;02801000;02883160;SP; 11,00 ;2; 10,001 ; 20,000 ;0,003;0;0;0;0;3333
16;35;02901000;02952125;SP; 11,00 ;2; 10,001 ; 20,000 ;0,003;0;0;0;0;3333
16;35;02952130;02954999;SP; 11,00 ;2; 10,001 ; 20,000 ;0,003;0;0;0;0;3333
16;35;02955000;02979210;SP; 11,00 ;2; 10,001 ; 20,000 ;0,003;0;0;0;0;3333
16;35;02981000;02982999;SP; 11,00 ;2; 10,001 ; 20,000 ;0,003;0;0;0;0;3333
16;35;02983000;02989900;SP; 11,00 ;2; 10,001 ; 20,000 ;0,003;0;0;0;0;3333
16;35;02990000;02998369;SP; 11,00 ;2; 10,001 ; 20,000 ;0,003;0;0;0;0;3333
16;35;03000000;03199999;SP; 11,00 ;2; 10,001 ; 20,000 ;0,003;0;0;0;0;3333
16;35;03200000;03499999;SP; 11,00 ;2; 10,001 ; 20,000 ;0,003;0;0;0;0;3333
16;35;03500000;03799999;SP; 11,00 ;2; 10,001 ; 20,000 ;0,003;0;0;0;0;3333
16;35;03800000;03999999;SP; 11,00 ;2; 10,001 ; 20,000 ;0,003;0;0;0;0;3333
16;35;04000000;04099999;SP; 11,00 ;2; 10,001 ; 20,000 ;0,003;0;0;0;0;3333
16;35;04100000;04199999;SP; 11,00 ;2; 10,001 ; 20,000 ;0,003;0;0;0;0;3333
16;35;04200000;04229999;SP; 11,00 ;2; 10,001 ; 20,000 ;0,003;0;0;0;0;3333
16;35;04230000;04245999;SP; 11,00 ;2; 10,001 ; 20,000 ;0,003;0;0;0;0;3333
16;35;04246000;04299999;SP; 11,00 ;2; 10,001 ; 20,000 ;0,003;0;0;0;0;3333
16;35;04300000;04335999;SP; 11,00 ;2; 10,001 ; 20,000 ;0,003;0;0;0;0;3333
16;35;04336000;04337999;SP; 11,00 ;2; 10,001 ; 20,000 ;0,003;0;0;0;0;3333
16;35;04338000;04385999;SP; 11,00 ;2; 10,001 ; 20,000 ;0,003;0;0;0;0;3333
16;35;04386000;04387360;SP; 11,00 ;2; 10,001 ; 20,000 ;0,003;0;0;0;0;3333
16;35;04400000;04499999;SP; 11,00 ;2; 10,001 ; 20,000 ;0,003;0;0;0;0;3333
16;35;04500000;04599990;SP; 11,00 ;2; 10,001 ; 20,000 ;0,003;0;0;0;0;3333
16;35;04600000;04699999;SP; 11,00 ;2; 10,001 ; 20,000 ;0,003;0;0;0;0;3333
16;35;04700000;04799999;SP; 11,00 ;2; 10,001 ; 20,000 ;0,003;0;0;0;0;3333
16;35;04801000;04865065;SP; 11,00 ;2; 10,001 ; 20,000 ;0,003;0;0;0;0;3333
16;35;04900000;04948999;SP; 11,00 ;2; 10,001 ; 20,000 ;0,003;0;0;0;0;3333
16;35;05000000;05099999;SP; 11,00 ;2; 10,001 ; 20,000 ;0,003;0;0;0;0;3333
16;35;05100000;05179999;SP; 11,00 ;2; 10,001 ; 20,000 ;0,003;0;0;0;0;3333
16;35;05180000;05187949;SP; 11,00 ;2; 10,001 ; 20,000 ;0,003;0;0;0;0;3333
16;35;05200000;05203999;SP; 11,00 ;2; 10,001 ; 20,000 ;0,003;0;0;0;0;3333
16;35;05211000;05275010;SP; 11,00 ;2; 10,001 ; 20,000 ;0,003;0;0;0;0;3333
16;35;05275030;05283260;SP; 11,00 ;2; 10,001 ; 20,000 ;0,003;0;0;0;0;3333
16;35;05300000;05399999;SP; 11,00 ;2; 10,001 ; 20,000 ;0,003;0;0;0;0;3333
16;35;05400000;05499999;SP; 11,00 ;2; 10,001 ; 20,000 ;0,003;0;0;0;0;3333
16;35;05500000;05580999;SP; 11,00 ;2; 10,001 ; 20,000 ;0,003;0;0;0;0;3333
16;35;05581000;05599999;SP; 11,00 ;2; 10,001 ; 20,000 ;0,003;0;0;0;0;3333
16;35;05600000;05699999;SP; 11,00 ;2; 10,001 ; 20,000 ;0,003;0;0;0;0;3333
16;35;05700000;05770999;SP; 11,00 ;2; 10,001 ; 20,000 ;0,003;0;0;0;0;3333
16;35;05771000;05790450;SP; 11,00 ;2; 10,001 ; 20,000 ;0,003;0;0;0;0;3333
16;35;05792000;05798350;SP; 11,00 ;2; 10,001 ; 20,000 ;0,003;0;0;0;0;3333
16;35;05800000;05894460;SP; 11,00 ;2; 10,001 ; 20,000 ;0,003;0;0;0;0;3333
16;35;06000000;06298970;SP; 11,00 ;2; 10,001 ; 20,000 ;0,003;0;0;0;0;3333
16;35;06300000;06397670;SP; 11,00 ;2; 10,001 ; 20,000 ;0,003;0;0;0;0;3333
16;35;06400000;06485370;SP; 11,00 ;2; 10,001 ; 20,000 ;0,003;0;0;0;0;3333
16;35;06500000;06544900;SP; 11,00 ;2; 10,001 ; 20,000 ;0,003;0;0;0;0;3333
16;35;06700000;06722560;SP; 11,00 ;2; 10,001 ; 20,000 ;0,003;0;0;0;0;3333
16;35;06750001;06795070;SP; 11,00 ;2; 10,001 ; 20,000 ;0,003;0;0;0;0;3333
16;35;06800001;06846835;SP; 11,00 ;2; 10,001 ; 20,000 ;0,003;0;0;0;0;3333
16;35;07000000;07099999;SP; 11,00 ;2; 10,001 ; 20,000 ;0,003;0;0;0;0;3333
16;35;07100000;07274040;SP; 11,00 ;2; 10,001 ; 20,000 ;0,003;0;0;0;0;3333
16;35;07400000;07443030;SP; 11,00 ;2; 10,001 ; 20,000 ;0,003;0;0;0;0;3333
16;35;07700000;07794440;SP; 11,00 ;2; 10,001 ; 20,000 ;0,003;0;0;0;0;3333
16;35;08000000;08191400;SP; 11,00 ;2; 10,001 ; 20,000 ;0,003;0;0;0;0;3333
16;35;08200000;08380000;SP; 11,00 ;2; 10,001 ; 20,000 ;0,003;0;0;0;0;3333
16;35;08410000;08491030;SP; 11,00 ;2; 10,001 ; 20,000 ;0,003;0;0;0;0;3333
16;35;08500000;08545280;SP; 11,00 ;2; 10,001 ; 20,000 ;0,003;0;0;0;0;3333
16;35;08550010;08599840;SP; 11,00 ;2; 10,001 ; 20,000 ;0,003;0;0;0;0;3333
16;35;08600000;08696805;SP; 11,00 ;2; 10,001 ; 20,000 ;0,003;0;0;0;0;3333
16;35;08710000;08747050;SP; 11,00 ;2; 10,001 ; 20,000 ;0,003;0;0;0;0;3333
16;35;09000000;09099999;SP; 11,00 ;2; 10,001 ; 20,000 ;0,003;0;0;0;0;3333
16;35;09100000;09133200;SP; 11,00 ;2; 10,001 ; 20,000 ;0,003;0;0;0;0;3333
16;35;09152010;09152150;SP; 11,00 ;2; 10,001 ; 20,000 ;0,003;0;0;0;0;3333
16;35;09161210;09161380;SP; 11,00 ;2; 10,001 ; 20,000 ;0,003;0;0;0;0;3333
16;35;09162010;09162030;SP; 11,00 ;2; 10,001 ; 20,000 ;0,003;0;0;0;0;3333
16;35;09162060;09162090;SP; 11,00 ;2; 10,001 ; 20,000 ;0,003;0;0;0;0;3333
16;35;09162300;09162320;SP; 11,00 ;2; 10,001 ; 20,000 ;0,003;0;0;0;0;3333
16;35;09170000;09195780;SP; 11,00 ;2; 10,001 ; 20,000 ;0,003;0;0;0;0;3333
16;35;09210000;09291280;SP; 11,00 ;2; 10,001 ; 20,000 ;0,003;0;0;0;0;3333
16;35;09310000;09392300;SP; 11,00 ;2; 10,001 ; 20,000 ;0,003;0;0;0;0;3333
16;35;09400000;09414650;SP; 11,00 ;2; 10,001 ; 20,000 ;0,003;0;0;0;0;3333
16;35;09416000;09445760;SP; 11,00 ;2; 10,001 ; 20,000 ;0,003;0;0;0;0;3333
16;35;09510000;09599999;SP; 11,00 ;2; 10,001 ; 20,000 ;0,003;0;0;0;0;3333
16;35;09600000;09699999;SP; 11,00 ;2; 10,001 ; 20,000 ;0,003;0;0;0;0;3333
16;35;09700000;09793080;SP; 11,00 ;2; 10,001 ; 20,000 ;0,003;0;0;0;0;3333
16;35;09810000;09830970;SP; 11,00 ;2; 10,001 ; 20,000 ;0,003;0;0;0;0;3333
16;35;09831700;09832460;SP; 11,00 ;2; 10,001 ; 20,000 ;0,003;0;0;0;0;3333
16;35;09840000;09896530;SP; 11,00 ;2; 10,001 ; 20,000 ;0,003;0;0;0;0;3333
16;35;09910000;09993335;SP; 11,00 ;2; 10,001 ; 20,000 ;0,003;0;0;0;0;3333
16;35;11000000;11065690;SP; 8,00 ;2; 0,001 ; 0,250 ;0,003;0;0;0;0;3333
16;35;11000000;11065690;SP; 8,10 ;2; 0,251 ; 5,000 ;0,003;0;0;0;0;3333
16;35;11000000;11065690;SP; 8,30 ;2; 0,501 ; 1,000 ;0,003;0;0;0;0;3333
16;35;11000000;11065690;SP; 9,70 ;2; 1,001 ; 3,000 ;0,003;0;0;0;0;3333
16;35;11000000;11065690;SP; 9,90 ;2; 3,001 ; 4,000 ;0,003;0;0;0;0;3333
16;35;11000000;11065690;SP; 10,40 ;2; 4,001 ; 5,000 ;0,003;0;0;0;0;3333
16;35;11000000;11065690;SP; 11,30 ;2; 5,001 ; 10,000 ;0,003;0;0;0;0;3333
16;35;11000000;11065690;SP; 11,80 ;2; 10,001 ; 20,000 ;0,003;0;0;0;0;3333
16;35;11065900;11070440;SP; 8,00 ;2; 0,001 ; 0,250 ;0,003;0;0;0;0;3333
16;35;11065900;11070440;SP; 8,10 ;2; 0,251 ; 5,000 ;0,003;0;0;0;0;3333
16;35;11065900;11070440;SP; 8,30 ;2; 0,501 ; 1,000 ;0,003;0;0;0;0;3333
16;35;11065900;11070440;SP; 9,70 ;2; 1,001 ; 3,000 ;0,003;0;0;0;0;3333
16;35;11065900;11070440;SP; 9,90 ;2; 3,001 ; 4,000 ;0,003;0;0;0;0;3333
16;35;11065900;11070440;SP; 10,40 ;2; 4,001 ; 5,000 ;0,003;0;0;0;0;3333
16;35;11065900;11070440;SP; 11,30 ;2; 5,001 ; 10,000 ;0,003;0;0;0;0;3333
16;35;11065900;11070440;SP; 11,80 ;2; 10,001 ; 20,000 ;0,003;0;0;0;0;3333
16;35;11070900;11080480;SP; 8,00 ;2; 0,001 ; 0,250 ;0,003;0;0;0;0;3333
16;35;11070900;11080480;SP; 8,10 ;2; 0,251 ; 5,000 ;0,003;0;0;0;0;3333
16;35;11070900;11080480;SP; 8,30 ;2; 0,501 ; 1,000 ;0,003;0;0;0;0;3333
16;35;11070900;11080480;SP; 9,70 ;2; 1,001 ; 3,000 ;0,003;0;0;0;0;3333
16;35;11070900;11080480;SP; 9,90 ;2; 3,001 ; 4,000 ;0,003;0;0;0;0;3333
16;35;11070900;11080480;SP; 10,40 ;2; 4,001 ; 5,000 ;0,003;0;0;0;0;3333
16;35;11070900;11080480;SP; 11,30 ;2; 5,001 ; 10,000 ;0,003;0;0;0;0;3333
16;35;11070900;11080480;SP; 11,80 ;2; 10,001 ; 20,000 ;0,003;0;0;0;0;3333
16;35;11085000;11085201;SP; 8,00 ;2; 0,001 ; 0,250 ;0,003;0;0;0;0;3333
16;35;11085000;11085201;SP; 8,10 ;2; 0,251 ; 5,000 ;0,003;0;0;0;0;3333
16;35;11085000;11085201;SP; 8,30 ;2; 0,501 ; 1,000 ;0,003;0;0;0;0;3333
16;35;11085000;11085201;SP; 9,70 ;2; 1,001 ; 3,000 ;0,003;0;0;0;0;3333
16;35;11085000;11085201;SP; 9,90 ;2; 3,001 ; 4,000 ;0,003;0;0;0;0;3333
16;35;11085000;11085201;SP; 10,40 ;2; 4,001 ; 5,000 ;0,003;0;0;0;0;3333
16;35;11085000;11085201;SP; 11,30 ;2; 5,001 ; 10,000 ;0,003;0;0;0;0;3333
16;35;11085000;11085201;SP; 11,80 ;2; 10,001 ; 20,000 ;0,003;0;0;0;0;3333
16;35;11085220;11085320;SP; 8,00 ;2; 0,001 ; 0,250 ;0,003;0;0;0;0;3333
16;35;11085220;11085320;SP; 8,10 ;2; 0,251 ; 5,000 ;0,003;0;0;0;0;3333
16;35;11085220;11085320;SP; 8,30 ;2; 0,501 ; 1,000 ;0,003;0;0;0;0;3333
16;35;11085220;11085320;SP; 9,70 ;2; 1,001 ; 3,000 ;0,003;0;0;0;0;3333
16;35;11085220;11085320;SP; 9,90 ;2; 3,001 ; 4,000 ;0,003;0;0;0;0;3333
16;35;11085220;11085320;SP; 10,40 ;2; 4,001 ; 5,000 ;0,003;0;0;0;0;3333
16;35;11085220;11085320;SP; 11,30 ;2; 5,001 ; 10,000 ;0,003;0;0;0;0;3333
16;35;11085220;11085320;SP; 11,80 ;2; 10,001 ; 20,000 ;0,003;0;0;0;0;3333
16;35;11085625;11090000;SP; 8,00 ;2; 0,001 ; 0,250 ;0,003;0;0;0;0;3333
16;35;11085625;11090000;SP; 8,10 ;2; 0,251 ; 5,000 ;0,003;0;0;0;0;3333
16;35;11085625;11090000;SP; 8,30 ;2; 0,501 ; 1,000 ;0,003;0;0;0;0;3333
16;35;11085625;11090000;SP; 9,70 ;2; 1,001 ; 3,000 ;0,003;0;0;0;0;3333
16;35;11085625;11090000;SP; 9,90 ;2; 3,001 ; 4,000 ;0,003;0;0;0;0;3333
16;35;11085625;11090000;SP; 10,40 ;2; 4,001 ; 5,000 ;0,003;0;0;0;0;3333
16;35;11085625;11090000;SP; 11,30 ;2; 5,001 ; 10,000 ;0,003;0;0;0;0;3333
16;35;11085625;11090000;SP; 11,80 ;2; 10,001 ; 20,000 ;0,003;0;0;0;0;3333
16;35;11090100;11090180;SP; 8,00 ;2; 0,001 ; 0,250 ;0,003;0;0;0;0;3333
16;35;11090100;11090180;SP; 8,10 ;2; 0,251 ; 5,000 ;0,003;0;0;0;0;3333
16;35;11090100;11090180;SP; 8,30 ;2; 0,501 ; 1,000 ;0,003;0;0;0;0;3333
16;35;11090100;11090180;SP; 9,70 ;2; 1,001 ; 3,000 ;0,003;0;0;0;0;3333
16;35;11090100;11090180;SP; 9,90 ;2; 3,001 ; 4,000 ;0,003;0;0;0;0;3333
16;35;11090100;11090180;SP; 10,40 ;2; 4,001 ; 5,000 ;0,003;0;0;0;0;3333
16;35;11090100;11090180;SP; 11,30 ;2; 5,001 ; 10,000 ;0,003;0;0;0;0;3333
16;35;11090100;11090180;SP; 11,80 ;2; 10,001 ; 20,000 ;0,003;0;0;0;0;3333
16;35;11090210;11095907;SP; 8,00 ;2; 0,001 ; 0,250 ;0,003;0;0;0;0;3333
16;35;11090210;11095907;SP; 8,10 ;2; 0,251 ; 5,000 ;0,003;0;0;0;0;3333
16;35;11090210;11095907;SP; 8,30 ;2; 0,501 ; 1,000 ;0,003;0;0;0;0;3333
16;35;11090210;11095907;SP; 9,70 ;2; 1,001 ; 3,000 ;0,003;0;0;0;0;3333
16;35;11090210;11095907;SP; 9,90 ;2; 3,001 ; 4,000 ;0,003;0;0;0;0;3333
16;35;11090210;11095907;SP; 10,40 ;2; 4,001 ; 5,000 ;0,003;0;0;0;0;3333
16;35;11090210;11095907;SP; 11,30 ;2; 5,001 ; 10,000 ;0,003;0;0;0;0;3333
16;35;11090210;11095907;SP; 11,80 ;2; 10,001 ; 20,000 ;0,003;0;0;0;0;3333
16;35;11310000;11325030;SP; 8,00 ;2; 0,001 ; 0,250 ;0,003;0;0;0;0;3333
16;35;11310000;11325030;SP; 8,10 ;2; 0,251 ; 5,000 ;0,003;0;0;0;0;3333
16;35;11310000;11325030;SP; 8,30 ;2; 0,501 ; 1,000 ;0,003;0;0;0;0;3333
16;35;11310000;11325030;SP; 9,70 ;2; 1,001 ; 3,000 ;0,003;0;0;0;0;3333
16;35;11310000;11325030;SP; 9,90 ;2; 3,001 ; 4,000 ;0,003;0;0;0;0;3333
16;35;11310000;11325030;SP; 10,40 ;2; 4,001 ; 5,000 ;0,003;0;0;0;0;3333
16;35;11310000;11325030;SP; 11,30 ;2; 5,001 ; 10,000 ;0,003;0;0;0;0;3333
16;35;11310000;11325030;SP; 11,80 ;2; 10,001 ; 20,000 ;0,003;0;0;0;0;3333
16;35;11325220;11330690;SP; 8,00 ;2; 0,001 ; 0,250 ;0,003;0;0;0;0;3333
16;35;11325220;11330690;SP; 8,10 ;2; 0,251 ; 5,000 ;0,003;0;0;0;0;3333
16;35;11325220;11330690;SP; 8,30 ;2; 0,501 ; 1,000 ;0,003;0;0;0;0;3333
16;35;11325220;11330690;SP; 9,70 ;2; 1,001 ; 3,000 ;0,003;0;0;0;0;3333
16;35;11325220;11330690;SP; 9,90 ;2; 3,001 ; 4,000 ;0,003;0;0;0;0;3333
16;35;11325220;11330690;SP; 10,40 ;2; 4,001 ; 5,000 ;0,003;0;0;0;0;3333
16;35;11325220;11330690;SP; 11,30 ;2; 5,001 ; 10,000 ;0,003;0;0;0;0;3333
16;35;11325220;11330690;SP; 11,80 ;2; 10,001 ; 20,000 ;0,003;0;0;0;0;3333
16;35;11335040;11340310;SP; 8,00 ;2; 0,001 ; 0,250 ;0,003;0;0;0;0;3333
16;35;11335040;11340310;SP; 8,10 ;2; 0,251 ; 5,000 ;0,003;0;0;0;0;3333
16;35;11335040;11340310;SP; 8,30 ;2; 0,501 ; 1,000 ;0,003;0;0;0;0;3333
16;35;11335040;11340310;SP; 9,70 ;2; 1,001 ; 3,000 ;0,003;0;0;0;0;3333
16;35;11335040;11340310;SP; 9,90 ;2; 3,001 ; 4,000 ;0,003;0;0;0;0;3333
16;35;11335040;11340310;SP; 10,40 ;2; 4,001 ; 5,000 ;0,003;0;0;0;0;3333
16;35;11335040;11340310;SP; 11,30 ;2; 5,001 ; 10,000 ;0,003;0;0;0;0;3333
16;35;11335040;11340310;SP; 11,80 ;2; 10,001 ; 20,000 ;0,003;0;0;0;0;3333
16;35;11340330;11347820;SP; 8,00 ;2; 0,001 ; 0,250 ;0,003;0;0;0;0;3333
16;35;11340330;11347820;SP; 8,10 ;2; 0,251 ; 5,000 ;0,003;0;0;0;0;3333
16;35;11340330;11347820;SP; 8,30 ;2; 0,501 ; 1,000 ;0,003;0;0;0;0;3333
16;35;11340330;11347820;SP; 9,70 ;2; 1,001 ; 3,000 ;0,003;0;0;0;0;3333
16;35;11340330;11347820;SP; 9,90 ;2; 3,001 ; 4,000 ;0,003;0;0;0;0;3333
16;35;11340330;11347820;SP; 10,40 ;2; 4,001 ; 5,000 ;0,003;0;0;0;0;3333
16;35;11340330;11347820;SP; 11,30 ;2; 5,001 ; 10,000 ;0,003;0;0;0;0;3333
16;35;11340330;11347820;SP; 11,80 ;2; 10,001 ; 20,000 ;0,003;0;0;0;0;3333
16;35;11350000;11360310;SP; 8,00 ;2; 0,001 ; 0,250 ;0,003;0;0;0;0;3333
16;35;11350000;11360310;SP; 8,10 ;2; 0,251 ; 5,000 ;0,003;0;0;0;0;3333
16;35;11350000;11360310;SP; 8,30 ;2; 0,501 ; 1,000 ;0,003;0;0;0;0;3333
16;35;11350000;11360310;SP; 9,70 ;2; 1,001 ; 3,000 ;0,003;0;0;0;0;3333
16;35;11350000;11360310;SP; 9,90 ;2; 3,001 ; 4,000 ;0,003;0;0;0;0;3333
16;35;11350000;11360310;SP; 10,40 ;2; 4,001 ; 5,000 ;0,003;0;0;0;0;3333
16;35;11350000;11360310;SP; 11,30 ;2; 5,001 ; 10,000 ;0,003;0;0;0;0;3333
16;35;11350000;11360310;SP; 11,80 ;2; 10,001 ; 20,000 ;0,003;0;0;0;0;3333
16;35;11365000;11390650;SP; 8,00 ;2; 0,001 ; 0,250 ;0,003;0;0;0;0;3333
16;35;11365000;11390650;SP; 8,10 ;2; 0,251 ; 5,000 ;0,003;0;0;0;0;3333
16;35;11365000;11390650;SP; 8,30 ;2; 0,501 ; 1,000 ;0,003;0;0;0;0;3333
16;35;11365000;11390650;SP; 9,70 ;2; 1,001 ; 3,000 ;0,003;0;0;0;0;3333
16;35;11365000;11390650;SP; 9,90 ;2; 3,001 ; 4,000 ;0,003;0;0;0;0;3333
16;35;11365000;11390650;SP; 10,40 ;2; 4,001 ; 5,000 ;0,003;0;0;0;0;3333
16;35;11365000;11390650;SP; 11,30 ;2; 5,001 ; 10,000 ;0,003;0;0;0;0;3333
16;35;11365000;11390650;SP; 11,80 ;2; 10,001 ; 20,000 ;0,003;0;0;0;0;3333
16;35;11500000;11573906;SP; 8,00 ;2; 0,001 ; 0,250 ;0,003;0;0;0;0;3333
16;35;11500000;11573906;SP; 8,10 ;2; 0,251 ; 5,000 ;0,003;0;0;0;0;3333
16;35;11500000;11573906;SP; 8,30 ;2; 0,501 ; 1,000 ;0,003;0;0;0;0;3333
16;35;11500000;11573906;SP; 9,70 ;2; 1,001 ; 3,000 ;0,003;0;0;0;0;3333
16;35;11500000;11573906;SP; 9,90 ;2; 3,001 ; 4,000 ;0,003;0;0;0;0;3333
16;35;11500000;11573906;SP; 10,40 ;2; 4,001 ; 5,000 ;0,003;0;0;0;0;3333
16;35;11500000;11573906;SP; 11,30 ;2; 5,001 ; 10,000 ;0,003;0;0;0;0;3333
16;35;11500000;11573906;SP; 11,80 ;2; 10,001 ; 20,000 ;0,003;0;0;0;0;3333
16;35;11700000;11726900;SP; 8,00 ;2; 0,001 ; 0,250 ;0,003;0;0;0;0;3333
16;35;11700000;11726900;SP; 8,10 ;2; 0,251 ; 5,000 ;0,003;0;0;0;0;3333
16;35;11700000;11726900;SP; 8,30 ;2; 0,501 ; 1,000 ;0,003;0;0;0;0;3333
16;35;11700000;11726900;SP; 9,70 ;2; 1,001 ; 3,000 ;0,003;0;0;0;0;3333
16;35;11700000;11726900;SP; 9,90 ;2; 3,001 ; 4,000 ;0,003;0;0;0;0;3333
16;35;11700000;11726900;SP; 10,40 ;2; 4,001 ; 5,000 ;0,003;0;0;0;0;3333
16;35;11700000;11726900;SP; 11,30 ;2; 5,001 ; 10,000 ;0,003;0;0;0;0;3333
16;35;11700000;11726900;SP; 11,80 ;2; 10,001 ; 20,000 ;0,003;0;0;0;0;3333
16;35;11730000;11730972;SP; 8,00 ;2; 0,001 ; 0,250 ;0,003;0;0;0;0;3333
16;35;11730000;11730972;SP; 8,10 ;2; 0,251 ; 5,000 ;0,003;0;0;0;0;3333
16;35;11730000;11730972;SP; 8,30 ;2; 0,501 ; 1,000 ;0,003;0;0;0;0;3333
16;35;11730000;11730972;SP; 9,70 ;2; 1,001 ; 3,000 ;0,003;0;0;0;0;3333
16;35;11730000;11730972;SP; 9,90 ;2; 3,001 ; 4,000 ;0,003;0;0;0;0;3333
16;35;11730000;11730972;SP; 10,40 ;2; 4,001 ; 5,000 ;0,003;0;0;0;0;3333
16;35;11730000;11730972;SP; 11,30 ;2; 5,001 ; 10,000 ;0,003;0;0;0;0;3333
16;35;11730000;11730972;SP; 11,80 ;2; 10,001 ; 20,000 ;0,003;0;0;0;0;3333
16;35;12200001;12248712;SP; 8,00 ;2; 0,001 ; 0,250 ;0,003;0;0;0;0;3333
16;35;12200001;12248712;SP; 8,10 ;2; 0,251 ; 5,000 ;0,003;0;0;0;0;3333
16;35;12200001;12248712;SP; 8,30 ;2; 0,501 ; 1,000 ;0,003;0;0;0;0;3333
16;35;12200001;12248712;SP; 9,70 ;2; 1,001 ; 3,000 ;0,003;0;0;0;0;3333
16;35;12200001;12248712;SP; 9,90 ;2; 3,001 ; 4,000 ;0,003;0;0;0;0;3333
16;35;12200001;12248712;SP; 10,40 ;2; 4,001 ; 5,000 ;0,003;0;0;0;0;3333
16;35;12200001;12248712;SP; 11,30 ;2; 5,001 ; 10,000 ;0,003;0;0;0;0;3333
16;35;12200001;12248712;SP; 11,80 ;2; 10,001 ; 20,000 ;0,003;0;0;0;0;3333
16;35;12900002;12922850;SP; 8,00 ;3; 0,001 ; 0,250 ;0,003;0;0;0;0;3333
16;35;12900002;12922850;SP; 8,10 ;3; 0,251 ; 5,000 ;0,003;0;0;0;0;3333
16;35;12900002;12922850;SP; 8,30 ;3; 0,501 ; 1,000 ;0,003;0;0;0;0;3333
16;35;12900002;12922850;SP; 9,70 ;3; 1,001 ; 3,000 ;0,003;0;0;0;0;3333
16;35;12900002;12922850;SP; 9,90 ;3; 3,001 ; 4,000 ;0,003;0;0;0;0;3333
16;35;12900002;12922850;SP; 10,40 ;3; 4,001 ; 5,000 ;0,003;0;0;0;0;3333
16;35;12900002;12922850;SP; 11,30 ;3; 5,001 ; 10,000 ;0,003;0;0;0;0;3333
16;35;12900002;12922850;SP; 11,80 ;3; 10,001 ; 20,000 ;0,003;0;0;0;0;3333
16;35;12926001;12929770;SP; 8,00 ;3; 0,001 ; 0,250 ;0,003;0;0;0;0;3333
16;35;12926001;12929770;SP; 8,10 ;3; 0,251 ; 5,000 ;0,003;0;0;0;0;3333
16;35;12926001;12929770;SP; 8,30 ;3; 0,501 ; 1,000 ;0,003;0;0;0;0;3333
16;35;12926001;12929770;SP; 9,70 ;3; 1,001 ; 3,000 ;0,003;0;0;0;0;3333
16;35;12926001;12929770;SP; 9,90 ;3; 3,001 ; 4,000 ;0,003;0;0;0;0;3333
16;35;12926001;12929770;SP; 10,40 ;3; 4,001 ; 5,000 ;0,003;0;0;0;0;3333
16;35;12926001;12929770;SP; 11,30 ;3; 5,001 ; 10,000 ;0,003;0;0;0;0;3333
16;35;12926001;12929770;SP; 11,80 ;3; 10,001 ; 20,000 ;0,003;0;0;0;0;3333
16;35;12940020;12954160;SP; 8,00 ;3; 0,001 ; 0,250 ;0,003;0;0;0;0;3333
16;35;12940020;12954160;SP; 8,10 ;3; 0,251 ; 5,000 ;0,003;0;0;0;0;3333
16;35;12940020;12954160;SP; 8,30 ;3; 0,501 ; 1,000 ;0,003;0;0;0;0;3333
16;35;12940020;12954160;SP; 9,70 ;3; 1,001 ; 3,000 ;0,003;0;0;0;0;3333
16;35;12940020;12954160;SP; 9,90 ;3; 3,001 ; 4,000 ;0,003;0;0;0;0;3333
16;35;12940020;12954160;SP; 10,40 ;3; 4,001 ; 5,000 ;0,003;0;0;0;0;3333
16;35;12940020;12954160;SP; 11,30 ;3; 5,001 ; 10,000 ;0,003;0;0;0;0;3333
16;35;12940020;12954160;SP; 11,80 ;3; 10,001 ; 20,000 ;0,003;0;0;0;0;3333
16;35;12954170;12954264;SP; 8,00 ;3; 0,001 ; 0,250 ;0,003;0;0;0;0;3333
16;35;12954170;12954264;SP; 8,10 ;3; 0,251 ; 5,000 ;0,003;0;0;0;0;3333
16;35;12954170;12954264;SP; 8,30 ;3; 0,501 ; 1,000 ;0,003;0;0;0;0;3333
16;35;12954170;12954264;SP; 9,70 ;3; 1,001 ; 3,000 ;0,003;0;0;0;0;3333
16;35;12954170;12954264;SP; 9,90 ;3; 3,001 ; 4,000 ;0,003;0;0;0;0;3333
16;35;12954170;12954264;SP; 10,40 ;3; 4,001 ; 5,000 ;0,003;0;0;0;0;3333
16;35;12954170;12954264;SP; 11,30 ;3; 5,001 ; 10,000 ;0,003;0;0;0;0;3333
16;35;12954170;12954264;SP; 11,80 ;3; 10,001 ; 20,000 ;0,003;0;0;0;0;3333
16;35;12954400;12954436;SP; 8,00 ;3; 0,001 ; 0,250 ;0,003;0;0;0;0;3333
16;35;12954400;12954436;SP; 8,10 ;3; 0,251 ; 5,000 ;0,003;0;0;0;0;3333
16;35;12954400;12954436;SP; 8,30 ;3; 0,501 ; 1,000 ;0,003;0;0;0;0;3333
16;35;12954400;12954436;SP; 9,70 ;3; 1,001 ; 3,000 ;0,003;0;0;0;0;3333
16;35;12954400;12954436;SP; 9,90 ;3; 3,001 ; 4,000 ;0,003;0;0;0;0;3333
16;35;12954400;12954436;SP; 10,40 ;3; 4,001 ; 5,000 ;0,003;0;0;0;0;3333
16;35;12954400;12954436;SP; 11,30 ;3; 5,001 ; 10,000 ;0,003;0;0;0;0;3333
16;35;12954400;12954436;SP; 11,80 ;3; 10,001 ; 20,000 ;0,003;0;0;0;0;3333
16;35;12954680;12954684;SP; 8,00 ;3; 0,001 ; 0,250 ;0,003;0;0;0;0;3333
16;35;12954680;12954684;SP; 8,10 ;3; 0,251 ; 5,000 ;0,003;0;0;0;0;3333
16;35;12954680;12954684;SP; 8,30 ;3; 0,501 ; 1,000 ;0,003;0;0;0;0;3333
16;35;12954680;12954684;SP; 9,70 ;3; 1,001 ; 3,000 ;0,003;0;0;0;0;3333
16;35;12954680;12954684;SP; 9,90 ;3; 3,001 ; 4,000 ;0,003;0;0;0;0;3333
16;35;12954680;12954684;SP; 10,40 ;3; 4,001 ; 5,000 ;0,003;0;0;0;0;3333
16;35;12954680;12954684;SP; 11,30 ;3; 5,001 ; 10,000 ;0,003;0;0;0;0;3333
16;35;12954680;12954684;SP; 11,80 ;3; 10,001 ; 20,000 ;0,003;0;0;0;0;3333
16;35;12954868;12954898;SP; 8,00 ;3; 0,001 ; 0,250 ;0,003;0;0;0;0;3333
16;35;12954868;12954898;SP; 8,10 ;3; 0,251 ; 5,000 ;0,003;0;0;0;0;3333
16;35;12954868;12954898;SP; 8,30 ;3; 0,501 ; 1,000 ;0,003;0;0;0;0;3333
16;35;12954868;12954898;SP; 9,70 ;3; 1,001 ; 3,000 ;0,003;0;0;0;0;3333
16;35;12954868;12954898;SP; 9,90 ;3; 3,001 ; 4,000 ;0,003;0;0;0;0;3333
16;35;12954868;12954898;SP; 10,40 ;3; 4,001 ; 5,000 ;0,003;0;0;0;0;3333
16;35;12954868;12954898;SP; 11,30 ;3; 5,001 ; 10,000 ;0,003;0;0;0;0;3333
16;35;12954868;12954898;SP; 11,80 ;3; 10,001 ; 20,000 ;0,003;0;0;0;0;3333
16;35;13000000;13046415;SP; 8,00 ;2; 0,001 ; 0,250 ;0,003;0;0;0;0;3333
16;35;13000000;13046415;SP; 8,10 ;2; 0,251 ; 5,000 ;0,003;0;0;0;0;3333
16;35;13000000;13046415;SP; 8,30 ;2; 0,501 ; 1,000 ;0,003;0;0;0;0;3333
16;35;13000000;13046415;SP; 9,70 ;2; 1,001 ; 3,000 ;0,003;0;0;0;0;3333
16;35;13000000;13046415;SP; 9,90 ;2; 3,001 ; 4,000 ;0,003;0;0;0;0;3333
16;35;13000000;13046415;SP; 10,40 ;2; 4,001 ; 5,000 ;0,003;0;0;0;0;3333
16;35;13000000;13046415;SP; 11,30 ;2; 5,001 ; 10,000 ;0,003;0;0;0;0;3333
16;35;13000000;13046415;SP; 11,80 ;2; 10,001 ; 20,000 ;0,003;0;0;0;0;3333
16;35;13046430;13050421;SP; 8,00 ;2; 0,001 ; 0,250 ;0,003;0;0;0;0;3333
16;35;13046430;13050421;SP; 8,10 ;2; 0,251 ; 5,000 ;0,003;0;0;0;0;3333
16;35;13046430;13050421;SP; 8,30 ;2; 0,501 ; 1,000 ;0,003;0;0;0;0;3333
16;35;13046430;13050421;SP; 9,70 ;2; 1,001 ; 3,000 ;0,003;0;0;0;0;3333
16;35;13046430;13050421;SP; 9,90 ;2; 3,001 ; 4,000 ;0,003;0;0;0;0;3333
16;35;13046430;13050421;SP; 10,40 ;2; 4,001 ; 5,000 ;0,003;0;0;0;0;3333
16;35;13046430;13050421;SP; 11,30 ;2; 5,001 ; 10,000 ;0,003;0;0;0;0;3333
16;35;13046430;13050421;SP; 11,80 ;2; 10,001 ; 20,000 ;0,003;0;0;0;0;3333
16;35;13050424;13059148;SP; 8,00 ;2; 0,001 ; 0,250 ;0,003;0;0;0;0;3333
16;35;13050424;13059148;SP; 8,10 ;2; 0,251 ; 5,000 ;0,003;0;0;0;0;3333
16;35;13050424;13059148;SP; 8,30 ;2; 0,501 ; 1,000 ;0,003;0;0;0;0;3333
16;35;13050424;13059148;SP; 9,70 ;2; 1,001 ; 3,000 ;0,003;0;0;0;0;3333
16;35;13050424;13059148;SP; 9,90 ;2; 3,001 ; 4,000 ;0,003;0;0;0;0;3333
16;35;13050424;13059148;SP; 10,40 ;2; 4,001 ; 5,000 ;0,003;0;0;0;0;3333
16;35;13050424;13059148;SP; 11,30 ;2; 5,001 ; 10,000 ;0,003;0;0;0;0;3333
16;35;13050424;13059148;SP; 11,80 ;2; 10,001 ; 20,000 ;0,003;0;0;0;0;3333
16;35;13059192;13064834;SP; 8,00 ;2; 0,001 ; 0,250 ;0,003;0;0;0;0;3333
16;35;13059192;13064834;SP; 8,10 ;2; 0,251 ; 5,000 ;0,003;0;0;0;0;3333
16;35;13059192;13064834;SP; 8,30 ;2; 0,501 ; 1,000 ;0,003;0;0;0;0;3333
16;35;13059192;13064834;SP; 9,70 ;2; 1,001 ; 3,000 ;0,003;0;0;0;0;3333
16;35;13059192;13064834;SP; 9,90 ;2; 3,001 ; 4,000 ;0,003;0;0;0;0;3333
16;35;13059192;13064834;SP; 10,40 ;2; 4,001 ; 5,000 ;0,003;0;0;0;0;3333
16;35;13059192;13064834;SP; 11,30 ;2; 5,001 ; 10,000 ;0,003;0;0;0;0;3333
16;35;13059192;13064834;SP; 11,80 ;2; 10,001 ; 20,000 ;0,003;0;0;0;0;3333
16;35;13064859;13108299;SP; 8,00 ;2; 0,001 ; 0,250 ;0,003;0;0;0;0;3333
16;35;13064859;13108299;SP; 8,10 ;2; 0,251 ; 5,000 ;0,003;0;0;0;0;3333
16;35;13064859;13108299;SP; 8,30 ;2; 0,501 ; 1,000 ;0,003;0;0;0;0;3333
16;35;13064859;13108299;SP; 9,70 ;2; 1,001 ; 3,000 ;0,003;0;0;0;0;3333
16;35;13064859;13108299;SP; 9,90 ;2; 3,001 ; 4,000 ;0,003;0;0;0;0;3333
16;35;13064859;13108299;SP; 10,40 ;2; 4,001 ; 5,000 ;0,003;0;0;0;0;3333
16;35;13064859;13108299;SP; 11,30 ;2; 5,001 ; 10,000 ;0,003;0;0;0;0;3333
16;35;13064859;13108299;SP; 11,80 ;2; 10,001 ; 20,000 ;0,003;0;0;0;0;3333
16;35;13140000;13148917;SP; 8,00 ;2; 0,001 ; 0,250 ;0,003;0;0;0;0;3333
16;35;13140000;13148917;SP; 8,10 ;2; 0,251 ; 5,000 ;0,003;0;0;0;0;3333
16;35;13140000;13148917;SP; 8,30 ;2; 0,501 ; 1,000 ;0,003;0;0;0;0;3333
16;35;13140000;13148917;SP; 9,70 ;2; 1,001 ; 3,000 ;0,003;0;0;0;0;3333
16;35;13140000;13148917;SP; 9,90 ;2; 3,001 ; 4,000 ;0,003;0;0;0;0;3333
16;35;13140000;13148917;SP; 10,40 ;2; 4,001 ; 5,000 ;0,003;0;0;0;0;3333
16;35;13140000;13148917;SP; 11,30 ;2; 5,001 ; 10,000 ;0,003;0;0;0;0;3333
16;35;13140000;13148917;SP; 11,80 ;2; 10,001 ; 20,000 ;0,003;0;0;0;0;3333
16;35;13150000;13157608;SP; 8,00 ;2; 0,001 ; 0,250 ;0,003;0;0;0;0;3333
16;35;13150000;13157608;SP; 8,10 ;2; 0,251 ; 5,000 ;0,003;0;0;0;0;3333
16;35;13150000;13157608;SP; 8,30 ;2; 0,501 ; 1,000 ;0,003;0;0;0;0;3333
16;35;13150000;13157608;SP; 9,70 ;2; 1,001 ; 3,000 ;0,003;0;0;0;0;3333
16;35;13150000;13157608;SP; 9,90 ;2; 3,001 ; 4,000 ;0,003;0;0;0;0;3333
16;35;13150000;13157608;SP; 10,40 ;2; 4,001 ; 5,000 ;0,003;0;0;0;0;3333
16;35;13150000;13157608;SP; 11,30 ;2; 5,001 ; 10,000 ;0,003;0;0;0;0;3333
16;35;13150000;13157608;SP; 11,80 ;2; 10,001 ; 20,000 ;0,003;0;0;0;0;3333
16;35;13170000;13181970;SP; 8,00 ;2; 0,001 ; 0,250 ;0,003;0;0;0;0;3333
16;35;13170000;13181970;SP; 8,10 ;2; 0,251 ; 5,000 ;0,003;0;0;0;0;3333
16;35;13170000;13181970;SP; 8,30 ;2; 0,501 ; 1,000 ;0,003;0;0;0;0;3333
16;35;13170000;13181970;SP; 9,70 ;2; 1,001 ; 3,000 ;0,003;0;0;0;0;3333
16;35;13170000;13181970;SP; 9,90 ;2; 3,001 ; 4,000 ;0,003;0;0;0;0;3333
16;35;13170000;13181970;SP; 10,40 ;2; 4,001 ; 5,000 ;0,003;0;0;0;0;3333
16;35;13170000;13181970;SP; 11,30 ;2; 5,001 ; 10,000 ;0,003;0;0;0;0;3333
16;35;13170000;13181970;SP; 11,80 ;2; 10,001 ; 20,000 ;0,003;0;0;0;0;3333
16;35;13183000;13189900;SP; 8,00 ;2; 0,001 ; 0,250 ;0,003;0;0;0;0;3333
16;35;13183000;13189900;SP; 8,10 ;2; 0,251 ; 5,000 ;0,003;0;0;0;0;3333
16;35;13183000;13189900;SP; 8,30 ;2; 0,501 ; 1,000 ;0,003;0;0;0;0;3333
16;35;13183000;13189900;SP; 9,70 ;2; 1,001 ; 3,000 ;0,003;0;0;0;0;3333
16;35;13183000;13189900;SP; 9,90 ;2; 3,001 ; 4,000 ;0,003;0;0;0;0;3333
16;35;13183000;13189900;SP; 10,40 ;2; 4,001 ; 5,000 ;0,003;0;0;0;0;3333
16;35;13183000;13189900;SP; 11,30 ;2; 5,001 ; 10,000 ;0,003;0;0;0;0;3333
16;35;13183000;13189900;SP; 11,80 ;2; 10,001 ; 20,000 ;0,003;0;0;0;0;3333
16;35;13190000;13199430;SP; 8,00 ;2; 0,001 ; 0,250 ;0,003;0;0;0;0;3333
16;35;13190000;13199430;SP; 8,10 ;2; 0,251 ; 5,000 ;0,003;0;0;0;0;3333
16;35;13190000;13199430;SP; 8,30 ;2; 0,501 ; 1,000 ;0,003;0;0;0;0;3333
16;35;13190000;13199430;SP; 9,70 ;2; 1,001 ; 3,000 ;0,003;0;0;0;0;3333
16;35;13190000;13199430;SP; 9,90 ;2; 3,001 ; 4,000 ;0,003;0;0;0;0;3333
16;35;13190000;13199430;SP; 10,40 ;2; 4,001 ; 5,000 ;0,003;0;0;0;0;3333
16;35;13190000;13199430;SP; 11,30 ;2; 5,001 ; 10,000 ;0,003;0;0;0;0;3333
16;35;13190000;13199430;SP; 11,80 ;2; 10,001 ; 20,000 ;0,003;0;0;0;0;3333
16;35;13201000;13205530;SP; 8,00 ;2; 0,001 ; 0,250 ;0,003;0;0;0;0;3333
16;35;13201000;13205530;SP; 8,10 ;2; 0,251 ; 5,000 ;0,003;0;0;0;0;3333
16;35;13201000;13205530;SP; 8,30 ;2; 0,501 ; 1,000 ;0,003;0;0;0;0;3333
16;35;13201000;13205530;SP; 9,70 ;2; 1,001 ; 3,000 ;0,003;0;0;0;0;3333
16;35;13201000;13205530;SP; 9,90 ;2; 3,001 ; 4,000 ;0,003;0;0;0;0;3333
16;35;13201000;13205530;SP; 10,40 ;2; 4,001 ; 5,000 ;0,003;0;0;0;0;3333
16;35;13201000;13205530;SP; 11,30 ;2; 5,001 ; 10,000 ;0,003;0;0;0;0;3333
16;35;13201000;13205530;SP; 11,80 ;2; 10,001 ; 20,000 ;0,003;0;0;0;0;3333
16;35;13205640;13205660;SP; 8,00 ;2; 0,001 ; 0,250 ;0,003;0;0;0;0;3333
16;35;13205640;13205660;SP; 8,10 ;2; 0,251 ; 5,000 ;0,003;0;0;0;0;3333
16;35;13205640;13205660;SP; 8,30 ;2; 0,501 ; 1,000 ;0,003;0;0;0;0;3333
16;35;13205640;13205660;SP; 9,70 ;2; 1,001 ; 3,000 ;0,003;0;0;0;0;3333
16;35;13205640;13205660;SP; 9,90 ;2; 3,001 ; 4,000 ;0,003;0;0;0;0;3333
16;35;13205640;13205660;SP; 10,40 ;2; 4,001 ; 5,000 ;0,003;0;0;0;0;3333
16;35;13205640;13205660;SP; 11,30 ;2; 5,001 ; 10,000 ;0,003;0;0;0;0;3333
16;35;13205640;13205660;SP; 11,80 ;2; 10,001 ; 20,000 ;0,003;0;0;0;0;3333
16;35;13205730;13219860;SP; 8,00 ;2; 0,001 ; 0,250 ;0,003;0;0;0;0;3333
16;35;13205730;13219860;SP; 8,10 ;2; 0,251 ; 5,000 ;0,003;0;0;0;0;3333
16;35;13205730;13219860;SP; 8,30 ;2; 0,501 ; 1,000 ;0,003;0;0;0;0;3333
16;35;13205730;13219860;SP; 9,70 ;2; 1,001 ; 3,000 ;0,003;0;0;0;0;3333
16;35;13205730;13219860;SP; 9,90 ;2; 3,001 ; 4,000 ;0,003;0;0;0;0;3333
16;35;13205730;13219860;SP; 10,40 ;2; 4,001 ; 5,000 ;0,003;0;0;0;0;3333
16;35;13205730;13219860;SP; 11,30 ;2; 5,001 ; 10,000 ;0,003;0;0;0;0;3333
16;35;13205730;13219860;SP; 11,80 ;2; 10,001 ; 20,000 ;0,003;0;0;0;0;3333
16;35;13250005;13258060;SP; 8,00 ;2; 0,001 ; 0,250 ;0,003;0;0;0;0;3333
16;35;13250005;13258060;SP; 8,10 ;2; 0,251 ; 5,000 ;0,003;0;0;0;0;3333
16;35;13250005;13258060;SP; 8,30 ;2; 0,501 ; 1,000 ;0,003;0;0;0;0;3333
16;35;13250005;13258060;SP; 9,70 ;2; 1,001 ; 3,000 ;0,003;0;0;0;0;3333
16;35;13250005;13258060;SP; 9,90 ;2; 3,001 ; 4,000 ;0,003;0;0;0;0;3333
16;35;13250005;13258060;SP; 10,40 ;2; 4,001 ; 5,000 ;0,003;0;0;0;0;3333
16;35;13250005;13258060;SP; 11,30 ;2; 5,001 ; 10,000 ;0,003;0;0;0;0;3333
16;35;13250005;13258060;SP; 11,80 ;2; 10,001 ; 20,000 ;0,003;0;0;0;0;3333
16;35;13270005;13279982;SP; 8,00 ;2; 0,001 ; 0,250 ;0,003;0;0;0;0;3333
16;35;13270005;13279982;SP; 8,10 ;2; 0,251 ; 5,000 ;0,003;0;0;0;0;3333
16;35;13270005;13279982;SP; 8,30 ;2; 0,501 ; 1,000 ;0,003;0;0;0;0;3333
16;35;13270005;13279982;SP; 9,70 ;2; 1,001 ; 3,000 ;0,003;0;0;0;0;3333
16;35;13270005;13279982;SP; 9,90 ;2; 3,001 ; 4,000 ;0,003;0;0;0;0;3333
16;35;13270005;13279982;SP; 10,40 ;2; 4,001 ; 5,000 ;0,003;0;0;0;0;3333
16;35;13270005;13279982;SP; 11,30 ;2; 5,001 ; 10,000 ;0,003;0;0;0;0;3333
16;35;13270005;13279982;SP; 11,80 ;2; 10,001 ; 20,000 ;0,003;0;0;0;0;3333
16;35;13280000;13289756;SP; 8,00 ;2; 0,001 ; 0,250 ;0,003;0;0;0;0;3333
16;35;13280000;13289756;SP; 8,10 ;2; 0,251 ; 5,000 ;0,003;0;0;0;0;3333
16;35;13280000;13289756;SP; 8,30 ;2; 0,501 ; 1,000 ;0,003;0;0;0;0;3333
16;35;13280000;13289756;SP; 9,70 ;2; 1,001 ; 3,000 ;0,003;0;0;0;0;3333
16;35;13280000;13289756;SP; 9,90 ;2; 3,001 ; 4,000 ;0,003;0;0;0;0;3333
16;35;13280000;13289756;SP; 10,40 ;2; 4,001 ; 5,000 ;0,003;0;0;0;0;3333
16;35;13280000;13289756;SP; 11,30 ;2; 5,001 ; 10,000 ;0,003;0;0;0;0;3333
16;35;13280000;13289756;SP; 11,80 ;2; 10,001 ; 20,000 ;0,003;0;0;0;0;3333
16;35;13290000;13294890;SP; 8,00 ;2; 0,001 ; 0,250 ;0,003;0;0;0;0;3333
16;35;13290000;13294890;SP; 8,10 ;2; 0,251 ; 5,000 ;0,003;0;0;0;0;3333
16;35;13290000;13294890;SP; 8,30 ;2; 0,501 ; 1,000 ;0,003;0;0;0;0;3333
16;35;13290000;13294890;SP; 9,70 ;2; 1,001 ; 3,000 ;0,003;0;0;0;0;3333
16;35;13290000;13294890;SP; 9,90 ;2; 3,001 ; 4,000 ;0,003;0;0;0;0;3333
16;35;13290000;13294890;SP; 10,40 ;2; 4,001 ; 5,000 ;0,003;0;0;0;0;3333
16;35;13290000;13294890;SP; 11,30 ;2; 5,001 ; 10,000 ;0,003;0;0;0;0;3333
16;35;13290000;13294890;SP; 11,80 ;2; 10,001 ; 20,000 ;0,003;0;0;0;0;3333
16;35;13295000;13299787;SP; 8,00 ;2; 0,001 ; 0,250 ;0,003;0;0;0;0;3333
16;35;13295000;13299787;SP; 8,10 ;2; 0,251 ; 5,000 ;0,003;0;0;0;0;3333
16;35;13295000;13299787;SP; 8,30 ;2; 0,501 ; 1,000 ;0,003;0;0;0;0;3333
16;35;13295000;13299787;SP; 9,70 ;2; 1,001 ; 3,000 ;0,003;0;0;0;0;3333
16;35;13295000;13299787;SP; 9,90 ;2; 3,001 ; 4,000 ;0,003;0;0;0;0;3333
16;35;13295000;13299787;SP; 10,40 ;2; 4,001 ; 5,000 ;0,003;0;0;0;0;3333
16;35;13295000;13299787;SP; 11,30 ;2; 5,001 ; 10,000 ;0,003;0;0;0;0;3333
16;35;13295000;13299787;SP; 11,80 ;2; 10,001 ; 20,000 ;0,003;0;0;0;0;3333
16;35;13300001;13313652;SP; 8,00 ;2; 0,001 ; 0,250 ;0,003;0;0;0;0;3333
16;35;13300001;13313652;SP; 8,10 ;2; 0,251 ; 5,000 ;0,003;0;0;0;0;3333
16;35;13300001;13313652;SP; 8,30 ;2; 0,501 ; 1,000 ;0,003;0;0;0;0;3333
16;35;13300001;13313652;SP; 9,70 ;2; 1,001 ; 3,000 ;0,003;0;0;0;0;3333
16;35;13300001;13313652;SP; 9,90 ;2; 3,001 ; 4,000 ;0,003;0;0;0;0;3333
16;35;13300001;13313652;SP; 10,40 ;2; 4,001 ; 5,000 ;0,003;0;0;0;0;3333
16;35;13300001;13313652;SP; 11,30 ;2; 5,001 ; 10,000 ;0,003;0;0;0;0;3333
16;35;13300001;13313652;SP; 11,80 ;2; 10,001 ; 20,000 ;0,003;0;0;0;0;3333
16;35;13320000;13329904;SP; 8,00 ;2; 0,001 ; 0,250 ;0,003;0;0;0;0;3333
16;35;13320000;13329904;SP; 8,10 ;2; 0,251 ; 5,000 ;0,003;0;0;0;0;3333
16;35;13320000;13329904;SP; 8,30 ;2; 0,501 ; 1,000 ;0,003;0;0;0;0;3333
16;35;13320000;13329904;SP; 9,70 ;2; 1,001 ; 3,000 ;0,003;0;0;0;0;3333
16;35;13320000;13329904;SP; 9,90 ;2; 3,001 ; 4,000 ;0,003;0;0;0;0;3333
16;35;13320000;13329904;SP; 10,40 ;2; 4,001 ; 5,000 ;0,003;0;0;0;0;3333
16;35;13320000;13329904;SP; 11,30 ;2; 5,001 ; 10,000 ;0,003;0;0;0;0;3333
16;35;13320000;13329904;SP; 11,80 ;2; 10,001 ; 20,000 ;0,003;0;0;0;0;3333
16;35;13330000;13349850;SP; 8,00 ;2; 0,001 ; 0,250 ;0,003;0;0;0;0;3333
16;35;13330000;13349850;SP; 8,10 ;2; 0,251 ; 5,000 ;0,003;0;0;0;0;3333
16;35;13330000;13349850;SP; 8,30 ;2; 0,501 ; 1,000 ;0,003;0;0;0;0;3333
16;35;13330000;13349850;SP; 9,70 ;2; 1,001 ; 3,000 ;0,003;0;0;0;0;3333
16;35;13330000;13349850;SP; 9,90 ;2; 3,001 ; 4,000 ;0,003;0;0;0;0;3333
16;35;13330000;13349850;SP; 10,40 ;2; 4,001 ; 5,000 ;0,003;0;0;0;0;3333
16;35;13330000;13349850;SP; 11,30 ;2; 5,001 ; 10,000 ;0,003;0;0;0;0;3333
16;35;13330000;13349850;SP; 11,80 ;2; 10,001 ; 20,000 ;0,003;0;0;0;0;3333
16;35;13380001;13389462;SP; 8,00 ;2; 0,001 ; 0,250 ;0,003;0;0;0;0;3333
16;35;13380001;13389462;SP; 8,10 ;2; 0,251 ; 5,000 ;0,003;0;0;0;0;3333
16;35;13380001;13389462;SP; 8,30 ;2; 0,501 ; 1,000 ;0,003;0;0;0;0;3333
16;35;13380001;13389462;SP; 9,70 ;2; 1,001 ; 3,000 ;0,003;0;0;0;0;3333
16;35;13380001;13389462;SP; 9,90 ;2; 3,001 ; 4,000 ;0,003;0;0;0;0;3333
16;35;13380001;13389462;SP; 10,40 ;2; 4,001 ; 5,000 ;0,003;0;0;0;0;3333
16;35;13380001;13389462;SP; 11,30 ;2; 5,001 ; 10,000 ;0,003;0;0;0;0;3333
16;35;13380001;13389462;SP; 11,80 ;2; 10,001 ; 20,000 ;0,003;0;0;0;0;3333
16;35;13450000;13459662;SP; 8,00 ;2; 0,001 ; 0,250 ;0,003;0;0;0;0;3333
16;35;13450000;13459662;SP; 8,10 ;2; 0,251 ; 5,000 ;0,003;0;0;0;0;3333
16;35;13450000;13459662;SP; 8,30 ;2; 0,501 ; 1,000 ;0,003;0;0;0;0;3333
16;35;13450000;13459662;SP; 9,70 ;2; 1,001 ; 3,000 ;0,003;0;0;0;0;3333
16;35;13450000;13459662;SP; 9,90 ;2; 3,001 ; 4,000 ;0,003;0;0;0;0;3333
16;35;13450000;13459662;SP; 10,40 ;2; 4,001 ; 5,000 ;0,003;0;0;0;0;3333
16;35;13450000;13459662;SP; 11,30 ;2; 5,001 ; 10,000 ;0,003;0;0;0;0;3333
16;35;13450000;13459662;SP; 11,80 ;2; 10,001 ; 20,000 ;0,003;0;0;0;0;3333
16;35;13465000;13478971;SP; 8,00 ;2; 0,001 ; 0,250 ;0,003;0;0;0;0;3333
16;35;13465000;13478971;SP; 8,10 ;2; 0,251 ; 5,000 ;0,003;0;0;0;0;3333
16;35;13465000;13478971;SP; 8,30 ;2; 0,501 ; 1,000 ;0,003;0;0;0;0;3333
16;35;13465000;13478971;SP; 9,70 ;2; 1,001 ; 3,000 ;0,003;0;0;0;0;3333
16;35;13465000;13478971;SP; 9,90 ;2; 3,001 ; 4,000 ;0,003;0;0;0;0;3333
16;35;13465000;13478971;SP; 10,40 ;2; 4,001 ; 5,000 ;0,003;0;0;0;0;3333
16;35;13465000;13478971;SP; 11,30 ;2; 5,001 ; 10,000 ;0,003;0;0;0;0;3333
16;35;13465000;13478971;SP; 11,80 ;2; 10,001 ; 20,000 ;0,003;0;0;0;0;3333
16;35;13910001;13919604;SP; 8,00 ;2; 0,001 ; 0,250 ;0,003;0;0;0;0;3333
16;35;13910001;13919604;SP; 8,10 ;2; 0,251 ; 5,000 ;0,003;0;0;0;0;3333
16;35;13910001;13919604;SP; 8,30 ;2; 0,501 ; 1,000 ;0,003;0;0;0;0;3333
16;35;13910001;13919604;SP; 9,70 ;2; 1,001 ; 3,000 ;0,003;0;0;0;0;3333
16;35;13910001;13919604;SP; 9,90 ;2; 3,001 ; 4,000 ;0,003;0;0;0;0;3333
16;35;13910001;13919604;SP; 10,40 ;2; 4,001 ; 5,000 ;0,003;0;0;0;0;3333
16;35;13910001;13919604;SP; 11,30 ;2; 5,001 ; 10,000 ;0,003;0;0;0;0;3333
16;35;13910001;13919604;SP; 11,80 ;2; 10,001 ; 20,000 ;0,003;0;0;0;0;3333
16;35;18010000;18108971;SP; 8,00 ;2; 0,001 ; 0,250 ;0,003;0;0;0;0;3333
16;35;18010000;18108971;SP; 8,10 ;2; 0,251 ; 5,000 ;0,003;0;0;0;0;3333
16;35;18010000;18108971;SP; 8,30 ;2; 0,501 ; 1,000 ;0,003;0;0;0;0;3333
16;35;18010000;18108971;SP; 9,70 ;2; 1,001 ; 3,000 ;0,003;0;0;0;0;3333
16;35;18010000;18108971;SP; 9,90 ;2; 3,001 ; 4,000 ;0,003;0;0;0;0;3333
16;35;18010000;18108971;SP; 10,40 ;2; 4,001 ; 5,000 ;0,003;0;0;0;0;3333
16;35;18010000;18108971;SP; 11,30 ;2; 5,001 ; 10,000 ;0,003;0;0;0;0;3333
16;35;18010000;18108971;SP; 11,80 ;2; 10,001 ; 20,000 ;0,003;0;0;0;0;3333
16;35;18110000;18119430;SP; 8,00 ;2; 0,001 ; 0,250 ;0,003;0;0;0;0;3333
16;35;18110000;18119430;SP; 8,10 ;2; 0,251 ; 5,000 ;0,003;0;0;0;0;3333
16;35;18110000;18119430;SP; 8,30 ;2; 0,501 ; 1,000 ;0,003;0;0;0;0;3333
16;35;18110000;18119430;SP; 9,70 ;2; 1,001 ; 3,000 ;0,003;0;0;0;0;3333
16;35;18110000;18119430;SP; 9,90 ;2; 3,001 ; 4,000 ;0,003;0;0;0;0;3333
16;35;18110000;18119430;SP; 10,40 ;2; 4,001 ; 5,000 ;0,003;0;0;0;0;3333
16;35;18110000;18119430;SP; 11,30 ;2; 5,001 ; 10,000 ;0,003;0;0;0;0;3333
16;35;18110000;18119430;SP; 11,80 ;2; 10,001 ; 20,000 ;0,003;0;0;0;0;3333
16;35;18540000;18549800;SP; 8,00 ;2; 0,001 ; 0,250 ;0,003;0;0;0;0;3333
16;35;18540000;18549800;SP; 8,10 ;2; 0,251 ; 5,000 ;0,003;0;0;0;0;3333
16;35;18540000;18549800;SP; 8,30 ;2; 0,501 ; 1,000 ;0,003;0;0;0;0;3333
16;35;18540000;18549800;SP; 9,70 ;2; 1,001 ; 3,000 ;0,003;0;0;0;0;3333
16;35;18540000;18549800;SP; 9,90 ;2; 3,001 ; 4,000 ;0,003;0;0;0;0;3333
16;35;18540000;18549800;SP; 10,40 ;2; 4,001 ; 5,000 ;0,003;0;0;0;0;3333
16;35;18540000;18549800;SP; 11,30 ;2; 5,001 ; 10,000 ;0,003;0;0;0;0;3333
16;35;18540000;18549800;SP; 11,80 ;2; 10,001 ; 20,000 ;0,003;0;0;0;0;3333
16;35;18550000;18558500;SP; 8,00 ;2; 0,001 ; 0,250 ;0,003;0;0;0;0;3333
16;35;18550000;18558500;SP; 8,10 ;2; 0,251 ; 5,000 ;0,003;0;0;0;0;3333
16;35;18550000;18558500;SP; 8,30 ;2; 0,501 ; 1,000 ;0,003;0;0;0;0;3333
16;35;18550000;18558500;SP; 9,70 ;2; 1,001 ; 3,000 ;0,003;0;0;0;0;3333
16;35;18550000;18558500;SP; 9,90 ;2; 3,001 ; 4,000 ;0,003;0;0;0;0;3333
16;35;18550000;18558500;SP; 10,40 ;2; 4,001 ; 5,000 ;0,003;0;0;0;0;3333
16;35;18550000;18558500;SP; 11,30 ;2; 5,001 ; 10,000 ;0,003;0;0;0;0;3333
16;35;18550000;18558500;SP; 11,80 ;2; 10,001 ; 20,000 ;0,003;0;0;0;0;3333
